-- MySQL dump 10.13  Distrib 5.6.26, for osx10.8 (x86_64)
--
-- Host: us-cdbr-iron-east-03.cleardb.net    Database: heroku_2d69a2bdbba7213
-- ------------------------------------------------------
-- Server version	5.5.45-log

/*!40101 SET @OLD_CHARACTER_SET_CLIENT=@@CHARACTER_SET_CLIENT */;
/*!40101 SET @OLD_CHARACTER_SET_RESULTS=@@CHARACTER_SET_RESULTS */;
/*!40101 SET @OLD_COLLATION_CONNECTION=@@COLLATION_CONNECTION */;
/*!40101 SET NAMES utf8 */;
/*!40103 SET @OLD_TIME_ZONE=@@TIME_ZONE */;
/*!40103 SET TIME_ZONE='+00:00' */;
/*!40014 SET @OLD_UNIQUE_CHECKS=@@UNIQUE_CHECKS, UNIQUE_CHECKS=0 */;
/*!40014 SET @OLD_FOREIGN_KEY_CHECKS=@@FOREIGN_KEY_CHECKS, FOREIGN_KEY_CHECKS=0 */;
/*!40101 SET @OLD_SQL_MODE=@@SQL_MODE, SQL_MODE='NO_AUTO_VALUE_ON_ZERO' */;
/*!40111 SET @OLD_SQL_NOTES=@@SQL_NOTES, SQL_NOTES=0 */;

--
-- Table structure for table `ar`
--

DROP TABLE IF EXISTS `ar`;
/*!40101 SET @saved_cs_client     = @@character_set_client */;
/*!40101 SET character_set_client = utf8 */;
CREATE TABLE `ar` (
  `id` bigint(20) NOT NULL AUTO_INCREMENT,
  PRIMARY KEY (`id`)
) ENGINE=InnoDB AUTO_INCREMENT=72 DEFAULT CHARSET=latin1;
/*!40101 SET character_set_client = @saved_cs_client */;

--
-- Dumping data for table `ar`
--

LOCK TABLES `ar` WRITE;
/*!40000 ALTER TABLE `ar` DISABLE KEYS */;
INSERT INTO `ar` VALUES (11),(12),(13),(14),(16),(17),(18),(19),(20),(21),(22),(23),(24),(25),(26),(27),(28),(29),(30),(31),(32),(42),(52),(62);
/*!40000 ALTER TABLE `ar` ENABLE KEYS */;
UNLOCK TABLES;

--
-- Table structure for table `arsearch`
--

DROP TABLE IF EXISTS `arsearch`;
/*!40101 SET @saved_cs_client     = @@character_set_client */;
/*!40101 SET character_set_client = utf8 */;
CREATE TABLE `arsearch` (
  `id` bigint(20) NOT NULL AUTO_INCREMENT,
  `name` varchar(255) DEFAULT NULL,
  `result` varchar(255) DEFAULT NULL,
  `search` varchar(255) DEFAULT NULL,
  `user_id` bigint(20) DEFAULT NULL,
  PRIMARY KEY (`id`),
  KEY `FK_fauc9tg55n78ftfhci2aliyo0` (`user_id`),
  CONSTRAINT `FK_fauc9tg55n78ftfhci2aliyo0` FOREIGN KEY (`user_id`) REFERENCES `user` (`id`)
) ENGINE=InnoDB AUTO_INCREMENT=12 DEFAULT CHARSET=latin1;
/*!40101 SET character_set_client = @saved_cs_client */;

--
-- Dumping data for table `arsearch`
--

LOCK TABLES `arsearch` WRITE;
/*!40000 ALTER TABLE `arsearch` DISABLE KEYS */;
INSERT INTO `arsearch` VALUES (1,'My Search',NULL,'{\"smellids\":[18,19,24,27]}',1),(2,'ZIO-Assessment1',NULL,'{\"smellids\":[31]}',5);
/*!40000 ALTER TABLE `arsearch` ENABLE KEYS */;
UNLOCK TABLES;

--
-- Table structure for table `arversion`
--

DROP TABLE IF EXISTS `arversion`;
/*!40101 SET @saved_cs_client     = @@character_set_client */;
/*!40101 SET character_set_client = utf8 */;
CREATE TABLE `arversion` (
  `id` bigint(20) NOT NULL AUTO_INCREMENT,
  `created` datetime DEFAULT NULL,
  `description` longtext,
  `modified` datetime DEFAULT NULL,
  `name` varchar(255) DEFAULT NULL,
  `status` varchar(255) DEFAULT NULL,
  `arhead_id` bigint(20) DEFAULT NULL,
  `editor_id` bigint(20) DEFAULT NULL,
  PRIMARY KEY (`id`),
  KEY `FK_rayosrm3rvvd6v4gfiuj2y29s` (`arhead_id`),
  KEY `FK_dk1d0lj19h3jpbnjj4fo6h55c` (`editor_id`),
  CONSTRAINT `FK_dk1d0lj19h3jpbnjj4fo6h55c` FOREIGN KEY (`editor_id`) REFERENCES `user` (`id`),
  CONSTRAINT `FK_rayosrm3rvvd6v4gfiuj2y29s` FOREIGN KEY (`arhead_id`) REFERENCES `ar` (`id`)
) ENGINE=InnoDB AUTO_INCREMENT=102 DEFAULT CHARSET=latin1;
/*!40101 SET character_set_client = @saved_cs_client */;

--
-- Dumping data for table `arversion`
--

LOCK TABLES `arversion` WRITE;
/*!40000 ALTER TABLE `arversion` DISABLE KEYS */;
INSERT INTO `arversion` VALUES (18,'2015-09-29 11:16:04','<p></p><p></p><h3 style=\"color: rgb(85, 85, 85);background-color: rgb(255, 255, 255);\">Initial position</h3><p style=\"color: rgb(85, 85, 85);background-color: rgb(255, 255, 255);\">A Client Session State has some disadvantages which can become unhandy when an application runs in a cloud environment.</p><p style=\"color: rgb(85, 85, 85);background-color: rgb(255, 255, 255);\">One major disadvantage for client session state is its limitation of space. For example a cookie can hold only 4093 Bytes. The limited data storage on the client side makes sense, since this forces the development to use either server (not recommended to use in a cloud environment, see<span class=\"Apple-converted-space\"> </span><a href=\"https://thawing-taiga-6031.herokuapp.com/#/ar/12\" target=\"_blank\">https://thawing-taiga-6031.herokuapp.com/#/ar/12</a>) or database session state.</p><p style=\"color: rgb(85, 85, 85);background-color: rgb(255, 255, 255);\">Also the use of the client session state implies, that all session attributes are transferred back and forth between the client and the server even though not all of the attributes might be used (e.g. to display) on the client side.</p><p style=\"color: rgb(85, 85, 85);background-color: rgb(255, 255, 255);\">Other advantages of the database session state are for example, that the session gets not lost after a connection loss between client and server or after either one of them crashes.</p><p style=\"color: rgb(85, 85, 85);background-color: rgb(255, 255, 255);\">In addition database session state copes better with a clustered environment than a common server session state. Since the session is stored in the database layer, multiple web-servers can have access to it (session migration) and therefore it is not necessary to have session affinity (only one server which handles the session).</p><p style=\"color: rgb(85, 85, 85);background-color: rgb(255, 255, 255);\"><b>Remark</b>: Remember, at least one attribute (user identifier / session id) has to be stored always on the client side.</p><hr style=\"height: 0px;color: rgb(85, 85, 85);background-color: rgb(255, 255, 255);\"/><h3 style=\"color: rgb(85, 85, 85);background-color: rgb(255, 255, 255);\">Revised design</h3><p style=\"color: rgb(85, 85, 85);background-color: rgb(255, 255, 255);\"></p><p style=\"color: rgb(85, 85, 85);background-color: rgb(255, 255, 255);\">The business application (most probably only the backend) and the middleware are affected by the session state migration. Current middleware (e.g. RDBMS) can be used or new middleware (e.x. noSQL Key-Value-Store) has to be put in place. </p><p style=\"color: rgb(85, 85, 85);background-color: rgb(255, 255, 255);\">The first step would be to determine all necessary session attributes. For a new application you are free in the design and choice of storage. There are different options to use as a session storage (database, in-memory cache, ...)</p><p style=\"color: rgb(85, 85, 85);background-color: rgb(255, 255, 255);\"><img src=\"https://lh3.googleusercontent.com/4Ql4dkxKmSyECGrPc9RNxhA3OH-C2iW5mDIJUQ9i8nNaDzgFRMOW0QOqt98qA0I7VfqZsuSjsy7bdtx1yO63KrYRBXULJYB74qo0u4QXP0HMbO4WRAwyTckaMfchYjK2P-7PzBXuIax76kB4Q9YgAa360WBS7SvPVRMLBG5GQoZ8yrJiZOrXnvA143SjbR1JjHA9q-viNZFVavnhgUF2qAy-Vix5-devVtaBNyudVVpVPlTkD-BW2QCn541pcZPM7JXD5gcXO7UaCm_Ro_1aUgWiK0pE_dVUJQ_JO-x2ZSaJR32eW_AFiOD-vOXG-WyheHmIXrawtTs7nLc-L45LRwIrnZbqOmJMvYmWGpie2x7qdeYWWntKGl48h_nlbQQclLpFT45b94jfxgHA1Lalzdg6SUsiVTeW4CUY7FjDOZjTvhaacZ5sBG2WOkDjG_1ivd9zyYhnVYQyOjut14HZWiPrcV3b8JjSTz2OYFdK3euxdJMKZw5A8SF_SiSdSsSc26j_OKup8OqWwic-pCV_s43Vl0V6ZkvSzUTiVjK2a5V-G_94967f7OaMw_Ia3Hw6L3S9=w585-h395-no\" style=\"width: 279px;height: 180px;\"/><br/></p><p style=\"color: rgb(85, 85, 85);background-color: rgb(255, 255, 255);\">The figure shows that the session is stored in a separate layer. If it was stored on the web-server/application server itself, there would be the problem, that the application can loose the clients state if the load balancer reroutes the client to another server.</p><p></p><hr style=\"height: 0px;color: rgb(85, 85, 85);background-color: rgb(255, 255, 255);\"/><h3 style=\"color: rgb(85, 85, 85);background-color: rgb(255, 255, 255);\">Pitfalls to avoid</h3><ul><li>Make sure to implement a cleanup mechanism. When a user leaves without a proper logout, a session state entry is left behind in the database. Add an expiration timestamp field in the database and a processes which deletes expired entries.</li><li>Avoid implementing an own session id generation algorithm. Use application server functionalities or follow strict security requirements to avoid session id prediction or hijacking. </li></ul><p></p>','2015-09-29 11:16:04','Migrate from client to database session state to provide scalability','published',11,1),(19,'2015-09-29 13:01:54','<h3 style=\"color: rgb(85, 85, 85);background-color: rgb(255, 255, 255);\">Initial position</h3><p style=\"color: rgb(85, 85, 85);background-color: rgb(255, 255, 255);\"><br/></p><hr style=\"height: 0px;color: rgb(85, 85, 85);background-color: rgb(255, 255, 255);\"/><h3 style=\"color: rgb(85, 85, 85);background-color: rgb(255, 255, 255);\">Revised design</h3><p style=\"color: rgb(85, 85, 85);background-color: rgb(255, 255, 255);\"><br/></p><p style=\"color: rgb(85, 85, 85);background-color: rgb(255, 255, 255);\"><br/></p><hr style=\"height: 0px;color: rgb(85, 85, 85);background-color: rgb(255, 255, 255);\"/><h3 style=\"color: rgb(85, 85, 85);background-color: rgb(255, 255, 255);\">Pitfalls to avoid</h3><p><br/></p>','2015-09-29 13:01:54','Migrate from server to database session state','draft',12,1),(20,'2015-10-03 18:18:14','<h3 style=\"color: rgb(85, 85, 85);background-color: rgb(255, 255, 255);\">Initial position</h3><p style=\"color: rgb(85, 85, 85);background-color: rgb(255, 255, 255);\"><span style=\"color: rgb(85, 85, 85);float: none;background-color: rgb(255, 255, 255);\"><abbr title=\"Simple Object Access Protocol\">SOAP</abbr> based Webservices might often have a high complexity (use of schemas, <abbr title=\"Remote Procedure Call\">RPC</abbr> configuration, use of <abbr title=\"Web Services Description Language\">WSDL</abbr>, <abbr title=\"Description Discovery and Integration\">UDDI</abbr>) and often use XML. Whereby a typical <abbr title=\"Representational State Transfer\">REST</abbr> Service interface provides the main CRUD operations on a specific resource using standard HTTP protocol and the lightweight <abbr title=\"JavaScript Object Notation\">JSON</abbr> data representation (can have any other format (XML, text, binary, ...), but JSON becomes more and more popular). Therefore it is possible access REST services with simple HTTP requests which does not require specific tools (web browsers or WGET tool are sufficient).</span><br/></p><hr style=\"height: 0px;color: rgb(85, 85, 85);background-color: rgb(255, 255, 255);\"/><h3 style=\"color: rgb(85, 85, 85);background-color: rgb(255, 255, 255);\">Revised design</h3><p style=\"color: rgb(85, 85, 85);background-color: rgb(255, 255, 255);\">The main difference between SOAP and REST Services is speaking to an Object/Resource rather than functions. In a SOAP Service you normally provide arguments to functions which then act depending on this arguments. In REST you request, provide or change resources. See Details on Richardson Maturity Model described by Martin Fowler: <a href=\"http://martinfowler.com/articles/richardsonMaturityModel.html\" style=\"color: rgb(51, 122, 183);background-color: transparent;\">http://martinfowler.com/articles/richardsonMaturityModel.html</a> </p><p style=\"color: rgb(85, 85, 85);background-color: rgb(255, 255, 255);\">The REST architecture complies well with modern Javascript based web applications, since they are able to call the backend services via simple HTTP requests. An important property of REST is that it is stateless. Which means every request should contain all the necessary information to interpret the message. There should be no additional state (on the server or client side) necessary to understand and process the message.</p><p style=\"color: rgb(85, 85, 85);background-color: rgb(255, 255, 255);\">Since the preferred message format for REST services is JSON it complies very well with modern noSQL databases which can store and query JSON objects without conversion. JSON is a much more compact format than XML to which SOAP services are bound to.</p><p style=\"color: rgb(85, 85, 85);background-color: rgb(255, 255, 255);\"><img src=\"https://lh3.googleusercontent.com/8m3KS1CYuyX-PSfR42c7bcjYNCGR2ZvMZB8QZbHDSnreqNFgu4WInjzEkJ8LoUNdtG_ToDSyjPAaq2vzRiflSeLjfCVD6Fk9Z8YZ-TxlH4LP6kIuNeEjWgyXNSaGLX8zfrEu8FcJli1H75Ul924pPhnqB4raWuuNAOt96XxXex9NB6Jf919adpaYzSUZ4VzlmV6tunwxHD88IQUkMPVYIN2xcPBQuHrhcWNUOsi8AmD2EAYZvZ-Sth2rWWUyNUpsiM89d1sCBg2jRErtns4UDNdMnFNZrChXtnRPi9qz8vxlNN1CI94HJGpP15fNM_Eih6OcjeIXUbznTxS27tjWc_sA7l9uvnB6ixHdFs57hITHTiOpfF2afSgmwzzQMqwFY8wQj-OyiHOcWmvSU1vGaMQRY6UclSlXelU_g9I7bC8xtkVcDHojNa05hw3JLPzkKi_lHqalO0VEVRGRxidkg-WI7k8ZxPMCbYJPNShp_4ed8yJhjN-BdjGGc-QWYvNChQIR6XDLsSn7Z3_xm98wAQXpIu3KqayrvU9lOC4bz7hfENKdOxhcbHrvZawxMpoyEK49=w978-h187-no\" style=\"height: 86px;width: 406px;\"/><br/>The figure shows an example of a REST service request of a Javascript client to a Java Play Backend. The backend access data resources and provides them as a JSON format via the HTTP response.</p><hr style=\"height: 0px;color: rgb(85, 85, 85);background-color: rgb(255, 255, 255);\"/><h3 style=\"color: rgb(85, 85, 85);background-color: rgb(255, 255, 255);\">Pitfalls to avoid</h3><ul><li>Keep in mind that the XML schema validation is a useful tool to validate service input. For JSON schemas are not that common yet.</li></ul>','2015-10-14 06:09:01','Replace SOAP-based Web service with RESTful HTTP resources to reduce complexity','published',13,1),(21,'2015-10-05 09:13:02','<h3 style=\"color: rgb(85, 85, 85);background-color: rgb(255, 255, 255);\">Initial position</h3><p style=\"color: rgb(85, 85, 85);background-color: rgb(255, 255, 255);\">It can have many different reasons if your application does not scale well. Most likely the reason for bad performance of an application is a specific bottleneck. Therefore it is inevitable to determine the bottlenecks before any actions can be taken. The most common bottleneck in a system is the access to data storages (hard-disk). <br/></p><p style=\"color: rgb(85, 85, 85);background-color: rgb(255, 255, 255);\">Different clients of an application often request the same data objects, without them being changed between the requests. Reading the same data from the hard-disk every time requires a lot of unnecessary I/O operations. Therefore a mechanism to reduce time-consuming hard-disk accesses should be put in place. </p><hr/><h3 style=\"color: rgb(85, 85, 85);background-color: rgb(255, 255, 255);\">Revised design</h3><div>The solution is to use caching mechanisms. A cache is a storage for query results of recurring requests. There are different caching mechanisms. Caching results from former requests in a memory-based cache is an effective way to spare capacity of a slower data storage. This measure increases the scalability of the application.</div><p>Caching can be applied on different levels in an system. For example on the data access layer where requested data objects are stored in a memory cache. Or on a service layer where the whole results of a service request is cached (e.g. a proxy server).</p><p>It might be necessary to use a distributed cache, which means the cached data has to be available to different servers or nodes. A common use of a distributed cache is in session management (see <a href=\"https://thawing-taiga-6031.herokuapp.com/#/ar/21\" target=\"_blank\">https://thawing-taiga-6031.herokuapp.com/#/ar/21</a>).</p><p><img src=\"https://lh3.googleusercontent.com/ukQv6hscroOr0MlmtMWPF5zhsjpb_9--Me0tKXuAEJJ40Xg38llNU97xStAk_yAUTaZs5M_1poipGb4g_FpZ3MsPEav3sRnqSUCPw9PRsEhiJyiu8DyjwRVUUAXDMSZ4JHLI0rU6NY50eTPwGfb8xyTo1L7ep7jhEIFJcIQrGhsGlKxqs7jSgIU-hrlmSirjRwSSXKmGhsrKmfUmAXvjzj4YsL4q8nq7WTPq7k4FF4-6A-qMaeRUi8KtxEkodYZNPTxp1AbPz7NU6JHQ_cjwUNr22t5EmoeX_mUXb-Sd6bfXd3bXhfT-McV1No0ISw5K-IsrLBH_rtY0E2VA18iSsdUmTvxpwT70GsC0EgBCImVciGEKwelXqSD0eutBZy5A4Hxhy4jlM0hOA6KJBPUdUVBLXLF2pchZG9JB-9E_cnCV59qI2gEu25PCGZ8MsxA83SkTkWcgBk-a6DPLbl5GVcCRTb2Ym3KPdZfmyV-VBKATrz0igdcR7vWjn05QGIVaSDR5zSzOU2anqKRCsomV2W5fABZSlLi58xsnWgmGRbQ6a_g6IWrrG2slpbNNW8bMzFqI=w868-h247-no\" style=\"height: 99px;width: 352px;\"/></p><p>The figure shows a client requesting data from a web server. In case the same request has been executed before, the intermediary proxy server is providing the cached result instead of the web server itself which would have to access the data storage.</p><hr/><h3 style=\"color: rgb(85, 85, 85);background-color: rgb(255, 255, 255);\">Pitfalls to avoid</h3><ul><li>Define a caching expiration time. Else the proxy will hold data to long which is no longer actual.</li><li>Be aware, that the access logging is spread on the proxy server and the web server. Because a request will reach the web server only if the proxy does not provide a cached result.</li></ul>','2015-10-14 07:20:39','Introduce caching to improve application scalability','published',14,1),(23,'2015-11-03 09:55:09',NULL,'2015-11-03 09:55:09','Split Components','draft',16,5),(24,'2015-11-03 10:13:52','<p>Work with CRC cards of component design.</p><p><b>Old:</b></p><p><img src=\"http://3.bp.blogspot.com/_Lz31k3xpEB0/RZUbwprpn9I/AAAAAAAAAAU/5yXRveqpFgM/s320/CRCCard.jpg\"/></p><p><b>New:</b></p><p><img src=\"http://3.bp.blogspot.com/_Lz31k3xpEB0/RZUbwprpn9I/AAAAAAAAAAU/5yXRveqpFgM/s320/CRCCard.jpg\"/></p>','2015-11-03 10:13:52','Split Components','published',16,5),(25,'2015-11-04 09:27:26','<h3 style=\"color: rgb(85, 85, 85);background-color: rgb(255, 255, 255);\">Initial position</h3><p style=\"color: rgb(85, 85, 85);background-color: rgb(255, 255, 255);\">In a steady growing software system, different components might have different implementations of data access or even different underlying data stores. E.g. if other components have been integrated into an existing software system due to closings of other departments or due to acquisition of them.</p><p style=\"color: rgb(85, 85, 85);background-color: rgb(255, 255, 255);\">If this is the case it might be necessary to consolidate the different implementations or even the data sources. The goal is to extract the implementations from the existing components and create a new component which handles the data access to the data sources. The new data access component should provide only a defined set of functionalities to the data requesting components. The requestors will not need to have any knowledge of the underlying data source, since they are all communicating through a standard interface and not directly with the data source (e.g.<span class=\"Apple-converted-space\"> via </span><abbr title=\"Java Database Connectivity\">JDBC</abbr>).</p><hr style=\"height: 0px;color: rgb(85, 85, 85);background-color: rgb(255, 255, 255);\"/><h3 style=\"color: rgb(85, 85, 85);background-color: rgb(255, 255, 255);\">Revised design</h3><p>The solution is to introduce a central data access component over which different components can request the necessary data. The data access component should have a standard interface. The data source behind it should be transparent and easily replaceable. Further details can be found in the book &#34;Cloud Computing Patterns&#34; (see References).</p><p style=\"color: rgb(85, 85, 85);background-color: rgb(255, 255, 255);\">Such a component should provide generic functions for other components to access the data. E.g. the four <abbr title=\"Create Read Update Delete\">CRUD</abbr> operations. A <abbr title=\"Representational State Transfer\">REST</abbr> interface is an example which implements this type of pattern and  allows a component in the system to request data objects via the <abbr title=\"Hypertext Transfer Protocol\">HTTP</abbr> protocol using the four <abbr title=\"Create, Read, Update and Delete\">CRUD</abbr> operations.</p><p style=\"color: rgb(85, 85, 85);background-color: rgb(255, 255, 255);\"><img src=\"https://lh3.googleusercontent.com/RY2HrFg9Elk8DaAcviSBN4uyQf7ozkPlnOQSQuvMrM9PsRN0A2B0tYgV8jUROrol2tvoATvoG2l4d3-h0oLxHkC59gSpT2WlaOXOOyDJeF2U7pJ0PM7RO0FYZ6-lG8odUiQsiPeIOh9bvRVmu492YbwaHQGU6khl01YeAiRadNz31a5d8_ONxS4BvAf0wF0WCOl0cWPBHiNCz7Qcyy0ujPe6XF2DAEDHwYY9Uuem8aGKihpVo7W2d5AKRhhdkd6IxsQxy_lRFkdmXMAyBa9bPYMjatfb_-j8z33ADH_rckzGx6F4-ZMAOXWkYkScCNFX8lmLlUHAPlOYJZV1_CgdPOzEnSxSCmpG8x_DAf-rLThlF-clg4ktzkLiL4-sBDXIrIxs0k8ZK5hzZZqSaHjW5QOHPb4QXSH4MC7c7U9P0SNEjp_JpTR1x1YhsDp1RfO3PfK6km7m1s_0iISv-2JgkAxKjSVOr9C5HE497dgtudAzmcSmRNUs0jVk87rnUP6EoTqAVK3hWN1I5bRfihu6cCahRIXmBQjrfgV01PlOKzVyLfu2Goa5xYLZzgFbTHgmHv0D=w424-h168-no\" style=\"height: 130px;width: 320px;\"/><br/>(src: http://www.oracle.com/)</p><p style=\"color: rgb(85, 85, 85);background-color: rgb(255, 255, 255);\">The figure shows the Core J2EE pattern of Data Access Objects. The data access component itself should encapsulate the data access itself as well. This makes a replacement of the data source even in the data access component much easier. The Data Access Objects pattern is the most common one. A business object requests data via the data access object. The data access object connects to the data source and provides the data in a independent format (transfer object).</p><p></p><hr/><h3 style=\"color: rgb(85, 85, 85);background-color: rgb(255, 255, 255);\">Pitfalls to avoid</h3><ul style=\"color: rgb(85, 85, 85);background-color: rgb(255, 255, 255);\"><li style=\"color: rgb(85, 85, 85);background-color: rgb(255, 255, 255);\">Make sure to avoid all tool dependencies in the data access component. The data source has to be transparent (should be replaceable without interface changes).</li><li>Make sure to use standard data access patterns and frameworks (<abbr title=\"Data Access Object\">DAO</abbr>s,<span class=\"Apple-converted-space\"> </span><abbr title=\"Java Persistence API\">JPA</abbr>, etc.)</li><li>Don\'t introduce multiple data access components.</li></ul>','2015-11-04 09:27:26','Consolidate data access to reduce dependencies','published',17,1),(26,'2015-11-11 08:56:13','<h3>Initial position</h3><p>A software system which has many different communication interfaces to a lot of other components (on different hardware), contains a lot of complexity. Individual (non-standard) interfaces lead to unnecessary tight coupling (instead of loose coupling). It is difficult to change the interface or to replace one of the communication parties.</p><p>Most probably there exists in-house developed middleware (-parts) or frameworks. This will make it hard for new employees to understand the software quickly and make changes. </p><p>The solution of this AR is to put a standard message broker in place (WebSphere MQ, Apache ActiveMQ, ...) and replace the non-standard communication interfaces. </p><p>Direct dependencies should be broken and there should be a clear separation of concerns.</p><p></p><hr/><h3>Revised design</h3><p>After the implementation of the message broker, it should be easier to replace a communication party or to change the interface of two communication parties. The message routing and transformation <span style=\"color: rgb(85, 85, 85);float: none;background-color: rgb(255, 255, 255);\">(e.g. encoding)</span> is configurable.</p><p>With most standard products it is possible to choose the type of the communication (asynchronous, synchronous, as a service, message queue, ...).</p><p>It is easier to deploy messages to many different components. The different parties can connect from different type of platforms to the messaging service and either receive or send messages. The communication channels can be secured.</p><p>To integrate a centralized messaging service, the current communication implementations have to be replaced by the standard messaging interface. This requires a change in all involved parties.</p><p><img src=\"https://lh3.googleusercontent.com/pLqd_o7FRp19cVnlPEXZMFGXmh1CpPxi8s7PzyMTxUr1wF8dRZLyM2VXyqghAUCe5WZ6AUn45QOnGSCjRIsyydypnbE49UQ6gk6RlGGf0PMOwtLsBnS02pbP_OAgECKP3IDJlr2lMbTiDJFK7peDLQBN94af9sjBugPBAe4qrT1hY8rWZ_d7sCe8Mtw_zSP0AW_FVUdiF5V0MTeZKeqW1uQ2QqBjU4iHF1D0-BlYPRqpgUpd8OqsSLjCZ5FOnqhvIVkb_ZiLh9b5gi90UDG_dZuYe4X_ymFa1pUTkw4_KoDjcAbkIz6yhTUS-OfEAY5qzzh_kR6_GBRDFxlb_HSiCMq_5am0f0VGQFUVq5SnuBBYZmq-bOVSW4JW8P9hQyw80HOhERP1ImWjqAwwdU7GiTVpEXBvNTLUTfFEvi3m8YXZpgbrh11Nl2HBFEmy5ChMkr8g03FS2sWGjB2oiI5petEP9O-xR05PHnfl9eaVRK7_WH6NYdwU4OhovkC76rM6wxrQPofx85M7a5zJ0lRqlmEbeHVHYrzJYg8KoNECdTgiHKHxP8PJQAn3NRVkm7JGRXNB=w871-h223-no\" style=\"height: 114px;width: 368px;\"/><br/></p><p>The figure shows a centralized messaging service over which different components communicate. The communication does not have to be one-way.</p><hr/><h3>Pitfalls to avoid</h3><ul><li>Introduction of custom made middleware or (<abbr title=\"Do It Yourself\">DIY</abbr>) integration frameworks<br/>Avoid to implement your own message broker. There are commercial and open source third party products which provide you the necessary functions.</li><li>Message broker does not provide enough resilience<br/>Putting a centralized component in place, also </li><li>Centralized integration component (broker) is overloaded with rich business logic</li></ul>','2015-11-11 08:56:13','Centralize message routing and transformation to increase flexibility','published',18,1),(27,'2015-11-11 11:40:23','<h3>Initial position</h3><p>If the load on your application rises and the current system and application reaches its capacity limits, then it is either necessary to increase the capacity of the current application instance (scale up) or to put multiple instances of the same application in place (scale out). Scale out is the preferred way.</p><p>This will act like a parallelization for a non parallel application. It is possible to create multiple instances on the same system (plain, in <abbr title=\"Virtual Machine\">VM</abbr>s or application containers), where each instance runs as an own process an the operating system in a multi core system can assign the process to the available cores. Or the application is instantiated on different servers. Either way, there is a mechanism necessary which distributes the client requests to the different instances automatically.</p><hr/><h3>Revised design</h3><p>A cloud based environment is able to automatically increase the capacity by creating new application instances and balance the load, depending on the current traffic on the application. This is referred to as an Elastic Load Balancer (see book Cloud Computing Patterns). In a non cloud based environment you have to take care of the instantiation. If you have an application server you have to create a cluster or add an instance to the cluster. </p><p>The load balancing itself can be done by a web-server or an application-server software, but for bigger systems it is advisable to use a so called Application Delivery Controller. An ADC is a separate hardware device which provides many other features besides load balancing. E.g. SSL, protection against <abbr title=\"Denial of Service\">DoS</abbr>-Attacks, etc.</p><p><img class=\"ta-insert-video\" src=\"https://img.youtube.com/vi/K-YFw9-_NPE/hqdefault.jpg\" ta-insert-video=\"https://www.youtube.com/embed/K-YFw9-_NPE\" allowfullscreen=\"true\" frameborder=\"0\" style=\"height: 66px;width: 111px;\"/></p><p>The video explains the Elastic Load Balancer in the Amazon Web Service Cloud.</p><p><img src=\"https://lh3.googleusercontent.com/JsJXT6cj5g2kH_LnfXR1xNw9uTl2l-h3QDRZQZl6gT-ETHwhvyuZSX0nntAY-bTuqUn1rF1C-0JyXxmJJPU-kb4K6mEIM4sWosemcnkT9T4eE9OHaw_wPy2HxrUBEIYovS_j6Uh0HCvQiH2aEspEJZyR_QRz6GzdFksJr0x0QunJuK3vAXgyz4KKIKYP6hRdOsizZBj3W3sFqdGv3yNbMEKtKHzbsGL8ebGaIcUdOjt5vzIwGwkmtnOTp9itvHdhyoefZ_Q_x1-dLi-FT4ekjplZcwpAFptuojy3PonZbH4fIUoQf1LzTIMdJTHDTyiRSbDu1NFY6_AZf6AYtCm-4eWv5HPswSUAiYtqVyiwFNmL2fbWfI-mDi5kwLY6PUOC6umVx0Gv5sUzPKmJUKiErt7vy0H0BiYOj6EhNWNcv-YCnzrlAPW7HX1oydQCvVJdIWHaYbFtNsRQxTjzsAtVvykrPWxHT-iINfMCbvFimDRl5hVQGs-LMYR-1xpEM75_TyMnFkAGoRPTrlE2VRhGi_cTV2DXyW74YIW5kq9J5ugDIVSoSIbHcBAVmc1MYgaVvvAC=w681-h404-no\" style=\"height: 158px;width: 262px;\"/></p><p>The figure shows the difference of vertical and horizontal scaling. The horizontal scaling add new servers or virtual machines, for which a load balancer is essential. The vertical scaling replaces a small server with a stronger one.</p><hr/><h3>Pitfalls to avoid</h3><ul><li>Make sure to use session stickyness or distributed session (see <a href=\"https://thawing-taiga-6031.herokuapp.com/#/ar/21\" target=\"_blank\">https://thawing-taiga-6031.herokuapp.com/#/ar/21</a>).<br/></li><li>Make sure to use a single source of data for a distributed application (<span style=\"color: rgb(85, 85, 85);text-align: left;float: none;background-color: rgb(255, 255, 255);\">if you instantiate your application multiple times</span>). This can require a move of your data storage to a separate tier (see <a href=\"https://thawing-taiga-6031.herokuapp.com/#/ar/20\" target=\"_blank\">https://thawing-taiga-6031.herokuapp.com/#/ar/20</a>).</li></ul>','2015-11-11 11:40:23','Introduce load balancing to increase application capacity and scalability','published',19,1),(28,'2015-11-26 21:39:22','<h3>Initial position</h3><p>A software system with multiple parts (components) running on the same server respectively on the same tier, lacks on flexibility.  Which means, it is possible, that one part (component) of the system scales well while another does not (on the same hardware). E.g. a system where the business logic is placed on the same tier (server) as the database. If the application executes many and large data requests, the hardware requirements between the business logic layer and the database may be unequal. If the database does not perform well on the hardware, the requesting application will have slow response times. Since the database is on the same hardware, it is not possible to scale it separately. </p><p></p><hr/><h3>Revised design</h3><p>The goal of this architectural refactoring is to extract parts (components) of a software system and place it on a separat tier. The benefit of this will be the possibility to scale the extracted component separately. For this it is necessary to put a load balancer between the existing and the newly created tier (See AR: <a href=\"https://thawing-taiga-6031.herokuapp.com/#/ar/19\" target=\"_blank\">https://thawing-taiga-6031.herokuapp.com/#/ar/19</a>). </p><p>Additionally, the newly freed resources on the existing tier, can be used by the remaining components on the system (e.g. create a second instance of business application). </p><p><img src=\"https://lh3.googleusercontent.com/TVTrABR6jpvno_PuYI2U6druIK9g4WCaHVdg5_z7u5epN2o8O6Oo6IU-Y64bldhKw19Y15xKhn5EUn8oRd-78FFDqTj3TOA0gPhUmO9IqXevI9di3JLL_lmcWuCnaAqsgb2BBBN8fsV1AxvSBu8KBScAjYbJD09KeWpEbjA7umPU7Ez_6IOs4MpuISFHExPnJCZHU7RmxXBdUchXodmtPmoN9aKzZY9v772f9cflhwpLiIiEzzaK3QgEmfXWw3kRiKG0lIJLpsUjszCEI6-_sd8880RNtU7ChF3TlsIed1aaSewDMU9tqKry7Q1mfxIKMA0nF3Ddwoyo5UXJVFdP7C-_d5LclEh9BR3eZRafcUy8rSklq8DlOHYymcr0lfsoIu8_kPewxKFZQbCPSZ3bThWa0c41G5RKAEkGBRdI6ugs_UgMahw2duo7N_PstNrUJtOs8K9T1dXyJdBojjLh2V5gyioBvfsnEwgL1wXZX_oMN3YJw488B50UiE0BDmP_-N3oWl5zdz05B77fBmP_GSm_A43Kc0QWHrnbvOBkeFjL1EipvIUUhSjkot-j_kwBNsxx=w665-h382-no\" style=\"width: 283px;height: 169px;\"/><br/></p><p>The figure shows a classical three-tier-architecture where  the data storage, the business logic and the presentation logic are separated on different physical hardware. Smaller applications often have a two-tier-architecture where the data and the business logic share the same server. This might become a problem as soon as traffic and data volume raise in a system.</p><p></p><hr/><h3>Pitfalls to avoid</h3><ul><li>Do not create too many tiers - otherwise your maintenance costs and systems management effort will increase; the latency for application requests will rise too.</li><li>Make sure that you don\'t forget to secure the connections between the existing and the new tier(s). (Depending on your security requirements.)</li></ul>','2015-11-26 21:39:22','Add tier to improve independent scalability','published',20,1),(29,'2015-11-26 23:35:13','<h3>Initial position</h3><p>To provide a highly scalable distributed application an efficient load balancing is necessary (See AR: <a href=\"https://thawing-taiga-6031.herokuapp.com/#/ar/19\" target=\"_blank\">https://thawing-taiga-6031.herokuapp.com/#/ar/19</a>). One obstacle for dynamic load balancing is a sticky session. Which means the load balancer initially binds a user session to a specific application instance (&#34;session stickyness&#34; based on the IP-address or the SSL-session-id). For the whole duration of the users activity, the session is bound to one application instance and can not be switched to another instance (only by creating a new session). This can lead to an uneven load balance.</p><p>An example: 50 users are accessing the application and the load balancer is assigning them with a round-robin-approach to two application instances (25 each). After a while 20 people which were assigned to the instance two and 5 people which were assigned to the instance one have left the application. The result is an imbalance of the sessions. Reassigning them is not possible since the sessions are handled by individual application instances.</p><p></p><hr/><h3>Revised design</h3><p>The goal of this AR is to provide a distributed session. Which means, the same user session should be available for each application instances to which a user is routed even though the user has been rerouted (to another instance) during his stay in the application.</p><p>This behavior can be achieved with two approaches:</p><ol><li>Database session (See AR: <a href=\"https://thawing-taiga-6031.herokuapp.com/#/ar/11\" target=\"_blank\">https://thawing-taiga-6031.herokuapp.com/#/ar/11</a>)<br/>All the session attributes are stored in a database on a separate tier, which are accessible for all application instances.</li><li>Server session<br/>This is depending on the used application server. The application has to provide a distributed server store. The configuration is individual to the application server.</li></ol><p><img src=\"http://java.boot.by/ibm-317/images/c5s301.gif\" style=\"width: 247px;height: 219px;\"/><br/>(src: http://java.boot.by/ibm-317/images/c5s301.gif)</p><p>The figure shows two versions of using a distributed session store. In the upper part there two servers running the same web-application. The session is stored in a separate session store represented by the database. The lower part shows the same two servers which are using a third WebSphere application server that serves as a centralized session store.</p><hr/><h3>Pitfalls to avoid</h3><ul><li>Prevent to bloat the users sessions by adding to many attributes</li><li>Make sure of high security standards. In case you generate the session id by yourself (not by the application server), certain security properties have to be met (see <a href=\"https://www.owasp.org/index.php/Session_Management_Cheat_Sheet#Session_ID_Properties\" target=\"_blank\">https://www.owasp.org/index.php/Session_Management_Cheat_Sheet#Session_ID_Properties</a>).</li></ul>','2015-11-26 23:35:13','Distribute session (instead of sticky sessions) to increase scalability','published',21,1),(30,'2015-12-02 11:24:00','<h3>Initial position</h3><p>Application servers provide a lot of functions and technologies for web applications as well as for batch applications. But there are applications which use only a small part of the possibilities of an application server. For these it is in many cases not necessary to maintain and operate an application server. A lot of the functions used in applications servers are provided by frameworks which are much more lightweight and easier to maintain. Using such a framework can reduce the complexity and costs of a software component. Furthermore the dependencies can be reduce and the portability can be improved. The application is not dependent on the functionality implementations of the application server anymore and the used frameworks can be exchanged easily.</p><p></p><hr/><h3>Revised design</h3><p>To extract an application from an application server, it is necessary to analyze the functionalities which are currently provided by the application server and decide how they should be replaced. For example, thread-pooling, service connection interfaces, messaging interfaces, load-balancing, transaction management, logging, authentication, security, etc.</p><p>Always consider existing frameworks to replace common functionalities, instead <span style=\"color: rgb(85, 85, 85);float: none;background-color: rgb(255, 255, 255);\">of implementing them yourself. </span></p><p>The benefit of this extraction is the reduction of the system complexity and maintainability effort. Creating a lightweight standalone application can save you system resources which formerly have been used by an application server. Application (re-) starts and stops can be significantly faster. </p><p>An example is a java batch application processing messages from a messaging queue. With the <abbr title=\"Java Message Service\">JMS</abbr> <abbr title=\"Application programming interface\">API</abbr> it is possible to handle the transactions on the message queue and there is no need to use an application server for its transaction handling.</p><p></p><hr/><h3>Pitfalls to avoid</h3><ul><li>Avoid to implement own frameworks (use existing <abbr title=\"Open Source Software\">OSS</abbr> or proprietary software).</li><li>Avoid to try to extract an application which requires a lot of the application servers functionality. This will increase the complexity of the application (a patchwork of frameworks).</li></ul>','2015-12-06 22:24:00','Extract batch application from application server to reduce complexity','published',22,1),(31,'2015-12-02 15:49:00','<h3>Initial position</h3><p>If the performance of an application reaches its limit even though the capacity of the underlying hardware is not maxed out, the application processing might have to be changed. This can be the case when the amount of requests to the system has increased during the evolution of the application, but the application has only one thread to processes these requests. Another reason can be if a unit of work is very large and is processed by only one thread.</p><hr/><h3>Revised design</h3><p>In order to be able to revise the design adequately, the following measurements have to be conducted and evaluated:</p><ul><li>Current size of the unit of work (e.g. the business transactions and updates to business objects caused by the incoming user requests)</li><li>Concurrency level of your software</li><li>Capable concurrency level of your hardware system</li></ul><p>Having compiled these measurements, try to split your unit of work in as many equally sized pieces to increase the concurrency level of your software and meet the capable concurrency level of your hardware as close as possible.</p><p>If your application was single threaded you might need to implement a thread pool (use existing frameworks or application server mechanisms). A thread pool allows you to configure the level of concurrency. The amount of concurrent threads can be in- or decreased which makes it easy to execute several tests and find the optimal level of concurrency. </p><p>If you implement multithreading to an existing application it is necessary to re-evaluate existing libraries with respect to thread-safe property. You also have to reevaluate the rest of your source code.<br/></p><p><img src=\"https://upload.wikimedia.org/wikipedia/commons/thumb/0/0c/Thread_pool.svg/2000px-Thread_pool.svg.png\" style=\"width: 221px;height: 115px;\"/><br/>(src: Wikipedia)</p><p>The figure shows how a thread pool works. There is a queue of tasks to be processed (violet dots), and there are 6 threads running (green squares). An idle thread picks up a task in the queue and starts the process. When the work is done, the thread returns to idle and can pick up the next task in the queue.</p><hr/><h3>Pitfalls to avoid</h3><ul><li>Make sure to implement your software best suitable for the underlying hardware. For example; different CPU architectures behave differently in concurrency control (e.g. SPARC vs. x86, see <a href=\"https://thawing-taiga-6031.herokuapp.com/#/ar/24\" target=\"_blank\">https://thawing-taiga-6031.herokuapp.com/#/ar/24</a>).</li><li>Make sure your existing software is already thread-safe or to make it thread-safe, to avoid locking and other unpredictable behavior (e.g. overwriting data in the memory).</li></ul>','2015-12-06 23:56:01','Convert application from single- to multi-threading to improve scalability','published',23,1),(32,'2015-12-03 09:27:07','<h3>Initial position</h3><p>A <abbr title=\"Scalable Processor ARChitecture\">SPARC</abbr> system is highly scalable multicore system. In simple words, a SPARC system allows to run much more concurrent threads than an x86 system, but mostly at a lower clock rate per CPU core. Therefore choosing between a SPARC and a x86 system highly depends on your applications behavior and needs.</p><p>E.g. an application which has to render large printing streams for a high volume printer will run better on a x86 System. The higher clock rate processes the CPU intensive rendering faster, than a SPARC system. Splitting the input data in to many small pieces an rendering them concurrently, improves the performance on a SPARC system.</p><p></p><hr/><h3>Revised design</h3><p>This Architectural Refactoring describes the move from a SPARC to a x86 system. There is as well the option to optimize your application on a SPARC system, for example to re-portion your unit of work. Make the unit of work smaller but run more concurrent threads. </p><p><span>The </span>switch of the processor architecture to x86 (commodity hardware) most likely involves a switch of the operating system. The most common operating system for SPARC is Solaris. On a x86 system a Linux distribution is most common. In fact it is possible to run the mentioned operating systems on either of the architectures, but it is not recommended since there is only little software support (middleware, third party products and libraries). </p><p>A switch of the operating system entails replacing all software versions so they are able to run on the new system. Therefore it is often necessary to involve a third party vendor of the used applications and middleware for support. </p><p>A switch of the system architecture might need a redesign of the applications threading behavior.  Do different test with different level of concurrency to find what brings the best performance.</p><p></p><hr/><h3>Pitfalls to avoid</h3><ul><li>Avoid running too many threads on a x86 system. If the operating system is doing too many context switching (switching threads running on the CPU) the system will drop the performance significantly.</li><li>Make sure to scale out if your system reaches its limits. Add new servers in a cluster which allows to process more tasks at the same time. </li><li>Make sure of appropriate concurrency control. Which means to avoid accessing resources which need locking.</li></ul>','2015-12-07 08:58:02','Switch server architecture from SPARC to x86','published',24,1),(33,'2015-12-04 10:19:43','<h3>Initial position</h3><p>A software system which uses third party software should always kept up to date. Which means it is necessary to upgrade the third party product to newer releases on a regular basis. Especially for commercial products which are not open source and bugs can not be fixed by your own. Since a version of a third party software most likely has a limited support timeframe. E.g. 5 years. This means the third party vendor will stop providing bugfixes for versions older than a specified timeframe. </p><p>This is a big risk and can jeopardize a whole <span style=\"color: rgb(85, 85, 85);float: none;background-color: rgb(255, 255, 255);\">software system. Particularly for legacy systems which are often kept operational longer than they should and in a dependency to an other component. E.g. if a component, which has a connection to a legacy system, changes and causes a problem in the outdated third party software.</span></p><p><span style=\"color: rgb(85, 85, 85);float: none;background-color: rgb(255, 255, 255);\">Further impacts could be missing performance due to an increase of activity from peripheral systems. Or missing portability, if for example the hardware strategy of a company changes (server platform).</span></p><p></p><hr/><h3>Revised design</h3><p>An upgrade of a third party software has to be carefully planed. The more versions were skipped the higher the costs and risks for the migration. Study the change logs and the current interface documentations in detail. Changes can be significant, e.g. a completely new interface (different protocol or data structure). A server platform or operating system change can require completely different binaries. Be aware that the testing effort can be as high as for a first integration of the product. Extensive regression test is inevitable (in modul and integration test).</p><p>Setup a migration road map and consider parallel operation of both the old and the new version for a defined period. Either migrate all processes/components at once and use the old version as a fall back, or migrate single processes/components step by step to the new version. Elaborate a fallback plan in case of a problem. After production installation get confirmations of all affected stakeholders.</p><p></p><hr/><h3>Pitfalls to avoid</h3><ul><li>Consider to request onsite support from the third party vendor during the production deployment.</li><li>Do upgrades of software products in legacy systems only as a last solution. Always consider the removal or replacement of the component first.</li></ul>','2015-12-07 09:34:09','Upgrade of third-party software to preserve maintainability','published',25,1),(34,'2015-12-04 11:53:03','<h3>Initial position</h3><p>A software system gains complexity the more functionality is added to it. Which is almost unavoidable the longer a system exists. Functionality is often added by introducing new libraries, middleware or other third party products. All this components increase the complexity and the dependency among the components. The more components a system contains the more complex it is to maintain. </p><p>A major problem is the integration of third party products based on intransparent decisions. A tool should always be considered and evaluated after the definition of the requirements. It is bad practice if the management dictates the usage of a tool or a tool dictates the requirements. Third party products often provide a large set of functionalities and features from which usually only a fraction is need.</p><p></p><hr/><h3>Revised design</h3><p>Replacing third party products or resign a middleware component is not easy. Often exist strong dependencies or there are contracts to fulfill. This Architectural Refactoring is not a general recommendation to replace third party products. But a suggestion to reevaluate them based on requirement needs. An alternative to a third party product or a middleware component can be a lightweight framework. Example: Extracting a web application from an application server and using a lightweight web framework.</p><p>A good step is to look through the company software catalog and search for consolidation possibilities. It is very important to have a software evolution strategy. This strategy should give the rules, how a system should grow to avoid becoming more and more complex. It describes how the business value of a system can be kept or increased by preserving the maintainability. This also includes defining a regular version upgrade (see <a href=\"https://thawing-taiga-6031.herokuapp.com/#/ar/25\" target=\"_blank\">https://thawing-taiga-6031.herokuapp.com/#/ar/25</a>) or a reevaluation of third party products.</p><p></p><hr/><h3>Pitfalls to avoid</h3><ul><li>Find the thin line between implementing own functions and reinventing the wheel. Implementing own frameworks or middleware functionalities is usually not advisable.</li><li>Avoid creating requirements based on a tools capabilities. Define the requirements first and then evaluate a product accordingly.</li></ul>','2015-12-07 10:06:53','Consolidate and simplify product usage to reduce dependencies','published',26,1),(35,'2015-12-05 18:22:31','<h3>Initial position</h3><p>If an application is difficult to maintain or test, it is often because its behavior is rigid. If you want to simulate an interface, you would most likely have to change the source code since the interface connection is not temporarily replaceable. In a unit test it is desirable to temporarily simulate an interface, for example to introduce static test data (in case the connection to the real interface component does not exist in a development/testing environment).</p><p>The consequences, if an application only uses concrete implementation classes instead of interfaces, is tight coupling. Which contradicts with the desire to have low coupling and high cohesion. (see <a href=\"https://de.wikipedia.org/wiki/GRASP\" target=\"_blank\">https://de.wikipedia.org/wiki/GRASP</a>).</p><hr/><h3>Revised design</h3><p>The solution, to make an application easier to test and easier to change its behavior, is to use a dependency injection framework. A dependency injection frameworks allows to change the behavior of an application at runtime. A configuration file or annotations tell the dependency injection framework where to inject which behavior. For this it is necessary to use interface classes and (multiple) classes with a concrete implementation of these interfaces. </p><p><img src=\"https://lh3.googleusercontent.com/WG99Bz08bUNOwPyrDAQGsuOCLicGsE2Y6uFDlh63XchCATV24ypHM4f-YhcbP2kchCXoKoQxuJy9=w346-h158-no\"/><br/></p><p>The figure shows an example of an interface with two concrete implementations. The LoggingApplication is using the interface Logger. With a dependency injection framework it is now possible to configure which concrete implementation of Logger should be instantiated at runtime at the position where the LoggerApplication is using the interface. This makes the behavior modifiable at runtime. E.g. in production you would like to log into a file, for which the FileLogger provides the necessary implementation, but in a development environment you would like to see your loggings directly in the console.</p><hr/><h3>Pitfalls to avoid</h3><ul><li>Make sure to avoid low cohesion. Do not create interfaces with combined functionalities, which means the interfaces should only contain functions which are strongly related (high cohesion).</li><li>Make sure to use injection <abbr title=\"Application Programming Interface\">API</abbr> where provided. E.g. in Java this is specified in the <abbr title=\"Java Specification Requests\">JSR</abbr> 330. This allows to replace the underlying dependency injection framework without any change of the program code.</li></ul>','2015-12-07 10:20:02','Introduce dependency injection to improve maintainability and testability','published',27,1),(36,'2015-12-06 12:05:11','<h3 style=\"color: rgb(85, 85, 85);background-color: rgb(255, 255, 255);\">Initial position</h3><p style=\"color: rgb(85, 85, 85);background-color: rgb(255, 255, 255);\"><br/></p><hr style=\"height: 0px;color: rgb(85, 85, 85);background-color: rgb(255, 255, 255);\"/><h3 style=\"color: rgb(85, 85, 85);background-color: rgb(255, 255, 255);\">Revised design</h3><p style=\"color: rgb(85, 85, 85);background-color: rgb(255, 255, 255);\"><br/></p><hr style=\"height: 0px;color: rgb(85, 85, 85);background-color: rgb(255, 255, 255);\"/><h3 style=\"color: rgb(85, 85, 85);background-color: rgb(255, 255, 255);\">Pitfalls to avoid</h3>','2015-12-07 10:20:44','Secure network connections (with SSL)','draft',28,1),(37,'2015-12-06 14:58:51','<h3 style=\"color: rgb(85, 85, 85);background-color: rgb(255, 255, 255);\">Initial position</h3><p style=\"color: rgb(85, 85, 85);background-color: rgb(255, 255, 255);\">Software systems which have to process a lot of database transactions (<abbr title=\"Online Transaction Processing\">OLTP</abbr>) often struggle with I/O being the bottleneck of the application. Real Time Ad Bidding is an example where a huge amount of transaction has to be processed. Real Time (Ad) Bidding are online marketplaces where advertising spots are auctioned in realtime. To compete with this amount of transaction a disk-based database might reach its limits. Modern solid state drives or flash based memory can reduce access latency, but can not compete with the access times of random access memory (RAM).</p><hr/><h3 style=\"color: rgb(85, 85, 85);background-color: rgb(255, 255, 255);\">Revised design</h3><p style=\"color: rgb(85, 85, 85);background-color: rgb(255, 255, 255);\">The solution to be able to process a huge amount of transactions is to use a (distributed) in-memory database. The main memory has significantly lower response times than a hard-disk. It is advisable to keep a hybrid system which provides disk-based and memory-based storage. For example a compressed column-store to save historical data to the disk. Very common are databases which are distributed over many systems (commodity hardware). The data is scattered over different nodes and the query is aggregated on a main node. This provides resilience and distributed query performance on a large amount of data.</p><p style=\"color: rgb(85, 85, 85);background-color: rgb(255, 255, 255);\"><img src=\"https://lh3.googleusercontent.com/2fbbuzz0cn0Gvfkhl6wgVhTCGCzd_GgOTDc6dJ5_gXqG6jKxTMdcffEm-r1AiPFlEW8l5dQ58Wk6-qN09esusXxYN-DnpLNvGz4clXFR-sxYJ4HDyDa66wYtLL92oq9Sx37MzIaxTahyztlxdbaPVp9o-rA_YZXML7oekQkmiq8XF-_5CYq2DKOUZPKlDF3qvyWJfrykWGAVNiBv-KSE780EMZEBYuDzsNy_k4SG0OyY4jp9WjmHnkn4AWiT0LI4aUpUM6O0p-DEJT2icX9rQqyG8UhajUNIZF14hTXafVwrJtTbe3ws-wVaxuqdUjGVj6Gz-M-rTd7npRf9JOkqrfBqnEfmXd-KN4HSHY4n-xRLvzFC3DpDTLgN-Qn3KNjohatguv3subzF1mPqW0Q50byi58vlYBhK8SL542HMW4DtOWJB5pzCoXaFmqfCIjO86675oNx-JmmATfiLbE71Y-Vtfa0PckxkrdGq6SVy6BrpECdc94EP9u5UXhREhABsh3n-MFLGgFlD_lWXTfjLtcImkt_GyPjjN63nqkvQVZeKgjJGyR8pHjXXndBvO3gfZX9p=w1980-h885-no\" style=\"width: 360px;height: 177px;\"/></p><p style=\"color: rgb(85, 85, 85);background-color: rgb(255, 255, 255);\">The figure shows the architecture of MemSQL, which is an example of a distributed in-memory database. The leaf nodes contain the distributed data. The aggregator nodes delegate the queries and collect the results from the leaf nodes. Arranging the leaf nodes in groups, provides resilience and increased performance.</p><hr/><h3 style=\"color: rgb(85, 85, 85);background-color: rgb(255, 255, 255);\">Pitfalls to avoid</h3><ul><li>Keep in mind, that some in-memory stores not always provide durability. Or the standard configuration does not enable it. This means that the data is stored only in the volatile memory and will be lost after a system shutdown.</li><li>Avoid to scale up a system if the capacity of your in-memory database is reached. Do horizontal scaling (add new servers) and make sure the data is distributed across the systems. This provides resilience and eliminates a single point of failure.</li></ul>','2015-12-07 10:24:37','Introduce in-memory database to improve high volume transaction performance','published',29,1),(38,'2015-12-06 17:07:09','<h3 style=\"color: rgb(85, 85, 85);background-color: rgb(255, 255, 255);\">Initial position</h3><p style=\"color: rgb(85, 85, 85);background-color: rgb(255, 255, 255);\">A component which has grown over a period of time, might have gained functionalities which are not necessarily related to each other. This creates unwanted dependencies and overly tight coupling. For example if a component contains a functionality which could be useful for another component, it might no be accessible. This leads to redundant implementations of functionalities which causes unnecessary costs. Also the replacement or change of such a compound component might be difficult (bad maintainability). </p><p style=\"color: rgb(85, 85, 85);background-color: rgb(255, 255, 255);\">E.g. two components which interact with each other have both their own implementation of a message transformation functionality. This can lead to faulty communication and instability if changes are not done synchronously on both sides.</p><hr/><h3 style=\"color: rgb(85, 85, 85);background-color: rgb(255, 255, 255);\">Revised design</h3><p style=\"color: rgb(85, 85, 85);background-color: rgb(255, 255, 255);\">The proposed solution is to hold a system/component/code review to reevaluate the togetherness of the functionalities. General functions which might be useful for other components should be extracted to a separate component with a standard interface. A constructive method to review an existing application is to use <abbr title=\"Class-responsibility-collaboration\">CRC</abbr>-Cards. CRC-Cards allow to visualize the responsibilities and collaborations of single application parts and are a helpful tool of object-oriented analysis and design. The CRC-Card method should be executed in a workshop, including directly involved and project independent persons. Decide which separation of components makes sense and plan the implementation accordingly.</p><p style=\"color: rgb(85, 85, 85);background-color: rgb(255, 255, 255);\">In the before mentioned example of the two communicating components (initial position). The solution would be to extract the message transformation into a separate component. For example by using a message router.</p><p style=\"color: rgb(85, 85, 85);background-color: rgb(255, 255, 255);\"><img src=\"https://lh3.googleusercontent.com/AXtrdusRP5a2nDgoa3ncNDLstpe7yLjVpj0eLO92aiaoRKveuJxuJw1WDvZAG3qrNJgDiMz4Wt7gkWPxFr14drE6QSQK4mddpC4jlgSGE26D0JPxa3-3ckgBpG87xD9y0YGot7Wcru97ALjprFTdyX1GTUnulwx2W_4E85IYNNoN6EWcbYPGK6mFcJHapkruC7nXVbMCrJ23KoK_iRtvJKZfZ-kfNcWh1d-gJkiYXIozHkd25kKNqfO7pumQMrlKnX1VusA07LWDnLi1yQpJZGwLPshGLgkSijby8pO7eN2P1k2rtu8kZFgT82RbBCUQuFcyatCelGzfy5bkMd7zUSJufINUSm2CPKc48LEafC5QE1IAsekHt-E5rCAlTs6mL6895DfYumhLdsKW4t_38iSbHl3zEVn3MSgrQOVvlTbQaNiIkclCKC0yHigMJzJeU9WMZwMc1PtCXEYY3Y9UMUPMUlclkhY7a-3U7wdR_wXQ0CEOCwAlA3i0VqjAFMsolbfIj_Um7GuoOG5k3Vng15nEj9qGqp-0gRHFv5_2zuK6FSyBF7EdzYjByXJaO35Mu2H5=w518-h255-no\" style=\"height: 142px;width: 281px;\"/></p><p style=\"color: rgb(85, 85, 85);background-color: rgb(255, 255, 255);\">The figure shows an example of a CRC card which lists the responsibilities and collaborations of a specific program class.</p><hr/><h3 style=\"color: rgb(85, 85, 85);background-color: rgb(255, 255, 255);\">Pitfalls to avoid</h3><ul><li>Avoid to create too many components. This will increase the complexity of your system and rise your maintenance costs.</li><li>Consider using third party libraries/products for common functionalities, instead of programming your own frameworks.</li></ul>','2015-12-07 10:41:50','Split components to reduce overly tight coupling','published',16,1),(39,'2015-12-07 09:44:53','<h3 style=\"color: rgb(85, 85, 85);background-color: rgb(255, 255, 255);\">Initial position</h3><p style=\"color: rgb(85, 85, 85);background-color: rgb(255, 255, 255);\">Web applications often have useful information which a user might like to print out. A browser printing function is unsatisfying since the printout might contain unnecessary HTML elements or the representation of the necessary data is not adequate. An online formatting engine can provide professional documents with current data and the flexibility of changing the document layout independent from the website presentation. </p><hr style=\"height: 0px;color: rgb(85, 85, 85);background-color: rgb(255, 255, 255);\"/><h3 style=\"color: rgb(85, 85, 85);background-color: rgb(255, 255, 255);\">Revised design</h3><p style=\"color: rgb(85, 85, 85);background-color: rgb(255, 255, 255);\">This architectural refactoring describes a Java based online formatting engine using XSL-FO with an XSL-Transformation and Apache FOP. XSL-FO provides advanced layouting features for professional document generation. </p><p style=\"color: rgb(85, 85, 85);background-color: rgb(255, 255, 255);\">Java provides an <abbr title=\"Application programming interface\">API</abbr> for XML processing (JAXP). You can bind any XSLT-Library, which implements the standard JAXP interfaces, into the Java classpath and address its transformation functions via the standard interface. Such Libraries are for example the Apache XALAN (XSLT version 1) or Saxon (XSLT version 1 and 2). The input data can easily be provided as XML, for example by using the same JAXP API to serialize a Java Object to XML.</p><p style=\"color: rgb(85, 85, 85);background-color: rgb(255, 255, 255);\"><abbr title=\"Javascript Object Notation\">JSON</abbr> becomes more and more popular, but there is no stylesheeting language available yet. But there are libraries which can convert JSON to XML quickly and easily (E.g. <a href=\"http://www.json.org/\" target=\"_blank\">http://www.json.org/</a>).</p><p style=\"color: rgb(85, 85, 85);background-color: rgb(255, 255, 255);\"><img src=\"https://lh3.googleusercontent.com/EH563P3SeoxK_Zx-kiaUklL3Wzt2i5_xNaL4EOImtJ377HZpAuAnUECUWyUd4XvGUsd7RgZCychM7HfAnoc8D_xilqDHnyzSfbtQpQMG7N2KwcntC-ZRfkjQuWKyxEixgQygdEvO3IHeNUhF_VPkDOpucT0Ufxz54lqFdXOaKj_53ziSaHrAJh0Sd3NQbIW_9xUBZJI1ej7ufvA4gBIvzEMuqlG-I5NEGpku0IzbmrRIHt7VNsV520nbyqQmXBZpivleRdMra8P1GP7dr1Jj3J8jG0t1mGl1WF43W_7EIM7ClAAw5rlflIdXKOrUK17wHk5GlNL5JeR3hSTbWTjNbZcyyBbtWuYVD8zY3tfEWVAoOAqS0k8NGzWs6fjtKRq8Lk1qRdZJBKAb_wLx_zA8vcCv2a79i32OoqvxADISG_6sNWfJ-e-GqoSKJZLzKNgnm4bV0mfuTg7F4FZ5NFHQ8UvDDnp28sPTVpR8-jyGkIV51F8WwgJgRQHxrt94pZDhMarww1nMRGz7u4I6QA5_mTchZQsaoEl81b_kNBomZfzqusAFOG5faiWoRDpGr8nk_Tuc=w751-h227-no\" style=\"width: 50%;\"/><br/></p><p style=\"color: rgb(85, 85, 85);background-color: rgb(255, 255, 255);\">The figure shows the sequence of generating a PDF document. The XML-Input data is transformed with a XSL-Stylesheet to a XSL-FO document. This XSL-FO document is then rendered with Apache FOP. There are other commercial products available, for example from Antenna House or Compart.</p><hr style=\"height: 0px;color: rgb(85, 85, 85);background-color: rgb(255, 255, 255);\"/><h3 style=\"color: rgb(85, 85, 85);background-color: rgb(255, 255, 255);\">Pitfalls to avoid</h3><ul><li>Make sure to limit the size of documents which are generated or else split the document. A rendering process can consume a lot of CPU resources depending on the elements used in the document and the size of the input data.</li><li>Do not underestimate the implementation of a XSL-Stylesheet. Professional document layouting is a very specific task and can require specialized developers. </li></ul>','2015-12-07 11:35:27','Introduce online document formatting engine to provide printing functionality','published',30,1),(40,'2015-12-31 11:20:44','<h3 style=\"color: rgb(85, 85, 85);background-color: rgb(255, 255, 255);\">Initial position</h3><p>The first step of business process optimization is often based on business process automation which is again mostly based on transactional data processing. E.g. in a client data base; making an entry with new a client record, show or update client data. Which are all operations on single data records. The procedure of business process improvement through gaining business intelligence, becomes more and more important. Aggregating business intelligence is mostly based on analytical data processing of historical data (in contrary to the transactional data processing). </p><p>The online analytical data processing (OLAP) consists of aggregated queries and large table scans, which differs from single record queries and manipulations in online transaction processing (OLTP). To perform well in OLAP cases it is advised to use columnar oriented data stores.</p><hr style=\"height: 0px;color: rgb(85, 85, 85);background-color: rgb(255, 255, 255);\"/><h3 style=\"color: rgb(85, 85, 85);background-color: rgb(255, 255, 255);\">Revised design</h3><p style=\"color: rgb(85, 85, 85);background-color: rgb(255, 255, 255);\">The solution to perform better in OLAP, this architectural refactoring recommends to use data stores which are capable of creating columnar tables. Columnar tables partition and arrange the record data significantly different than row tables. Instead of storing the records with all their attributes sequentially, they store the attributes of all records together by column. This makes aggregations in one column over all records much faster.</p><p style=\"color: rgb(85, 85, 85);background-color: rgb(255, 255, 255);\">Most databases which support columnar stores, provide them via standard SQL. Therefore the only thing to do, is storing the data in a column-oriented table and respect the intended purpose of columnar tables when executing queries. Which means execute mainly aggregation queries (SQL functions: avg, sum, min, max, count) and table scans such as: SELECT price FROM products WHERE price &lt;&gt; \'50\';</p><p style=\"color: rgb(85, 85, 85);background-color: rgb(255, 255, 255);\"><img src=\"http://www.codeproject.com/KB/database/334875/image003.jpg\" style=\"width: 50%;\"/><br/>(src: http://www.codeproject.com)</p><p style=\"color: rgb(85, 85, 85);background-color: rgb(255, 255, 255);\">The figure shows how row-stores differ from column-stores. In a row-store all attributes of one record are stored together and the records are stored sequentially. In a column-store the attributes of all records are stored together by column.</p><hr style=\"height: 0px;color: rgb(85, 85, 85);background-color: rgb(255, 255, 255);\"/><h3 style=\"color: rgb(85, 85, 85);background-color: rgb(255, 255, 255);\">Pitfalls to avoid</h3><ul style=\"color: rgb(85, 85, 85);background-color: rgb(255, 255, 255);\"><li>Make sure to avoid executing a lot of small transactions (inserts/update/deletes). Data manipulation in columnar stores requires always multiple I/O operations per record, due to the partitioning layout (except when updating only one attribute of one record). </li><li>Make sure to avoid complex join statements. When necessary, do joins only on key columns.</li></ul>','2015-12-31 11:20:44','Introduce column-store to improve the performance of analytical data processing','published',31,1),(41,'2015-12-19 17:09:49','<h3 style=\"color: rgb(85, 85, 85);background-color: rgb(255, 255, 255);\">Initial position</h3><p>Web application frameworks such as Play provide an easy way to create a web-application-server process. Those processes are very lightweight and perform well. There is no need to create a web application archive and deploy it to an application server or web container. But this server processes will reach their limits as soon as the traffic on your application rises. <br/></p><p>There is no direct and easy possibility to increase the capacity of the process. You would have to install the application multiple times in different directories. Start the application in each folder with different ports and then setup a web-server (e.g. Apache HTTP Server) which does the Port-Forwarding and the load balancing between the different processes.</p><hr style=\"height: 0px;color: rgb(85, 85, 85);background-color: rgb(255, 255, 255);\"/><h3 style=\"color: rgb(85, 85, 85);background-color: rgb(255, 255, 255);\">Revised design</h3><p style=\"color: rgb(85, 85, 85);background-color: rgb(255, 255, 255);\">The much easier way to scale your application is to install it onto one of the many cloud services available in the internet. In a cloud environment you install your application once and then you can scale your application by configuration or automated (up to a defined limit). The elastic load balancer of a cloud environment will ensure that your application will be instantiated and scaled automatically. The pricing in a cloud environment will be done automatically as well, depending on your applications capacity needs. </p><p style=\"color: rgb(85, 85, 85);background-color: rgb(255, 255, 255);\">The following describes an example using a Java Play application and the cloud service Heroku:</p><p style=\"color: rgb(85, 85, 85);background-color: rgb(255, 255, 255);\">For Play-applications Heroku is one of the cloud environments which support the Play-framework (with a Scala build environment) out of the box. There are a few steps needed to deploy your play application to Heroku. The tasks of this Architectural Refactoring list the necessary steps to deploy a Play application onto Heroku Cloud Application Platform. </p><p style=\"color: rgb(85, 85, 85);background-color: rgb(255, 255, 255);\"><img src=\"http://www.coloandcloud.com/wp-content/uploads/2012/05/heroku-infrastructure.jpg\" style=\"height: 176px;width: 208px;\"/><br/>http://www.coloandcloud.com/wp-content/uploads/2012/05/heroku-infrastructure.jpg</p><p style=\"color: rgb(85, 85, 85);background-color: rgb(255, 255, 255);\">The figure shows the architecture in Heroku. The so called &#34;Dynos&#34; are lightweight Linux containers which builds an instance of your application. To scale out your application you can add dynos. All the dynos have access to the same database.</p><hr style=\"height: 0px;color: rgb(85, 85, 85);background-color: rgb(255, 255, 255);\"/><h3 style=\"color: rgb(85, 85, 85);background-color: rgb(255, 255, 255);\">Pitfalls to avoid</h3><ul><li>Make sure your application is production ready (if needed). Which means use additional cloud modules for logging, alerting and redundancy.</li><li>Make sure your application complies with the common cloud application patterns. E.g. use client- or distributed-session (database) which is accessible on every application instance.</li><li>Be aware about the applied pricing models. The pricing is dynamic and depends on your applications capacity needs.</li><li>Don\'t forget to inform you about the existing <abbr title=\"Service Level Agreement\">SLA</abbr>, to avoid service outtakes of your application (temporarily unused application may go into a sleep mode).</li></ul>','2015-12-19 17:09:49','Migrate web-application into a cloud-environment to provide scalability','published',32,1),(42,'2016-01-22 10:23:04','<h3>Initial position</h3><p style=\"color: rgb(85, 85, 85);background-color: rgb(255, 255, 255);\">Processing a large amount of data on a single server/node can have many disadvantages. If a software system accesses and manipulates data with only one process/thread, the processing might not perform well and can cause queueing for other requests. If a software system acts with multiple processes/threads, the concurrent accesses might obstruct themselves and the hard-disk becomes a bottleneck. A common solution for such contentions is to cache data in the memory, which can be accessed faster. The revised design proposes an extended solution which copes well with big data. </p><hr/><h3 style=\"color: rgb(85, 85, 85);background-color: rgb(255, 255, 255);\">Revised design</h3><p>The proposed solution is to distribute the data over more than one server/node. The data should be partitioned into distinct pieces and shard across the multiple nodes. A dedicated main node has to be put in place, which acts as an aggregator. The main node knows (or can request) the range of each data partition (which has to be sorted by an index) on the specific data node. A client can then execute a query via the main node, whereon the main node executes the query only on the concerned data nodes and aggregates the results of each node.</p><p>This behavior follows the pattern &#34;scatter and gather&#34; which is commonly used by modern NoSQL databases (e.g. MongoDB, MemSQL). The data storage ist spread over many different physical servers. This allows parallel and quick big data analysis. This conforms to the principle of horizontal scaling (scale out), by adding new physical servers (commodity hardware) to improve the performance of a system. A master node executes the requests on the other nodes. They calculate a local result which will then be aggregated by the master node.</p><p><br/></p><p><br/></p><p><img src=\"https://lh3.googleusercontent.com/taEMXF2bwiGJy80YoFn32H3yb31qZ_Nqm2SwKpseYmtQmiznxp9RY6sUDhoRcETbTyTX7ttbaZbSbMpoBVrGems--xpHwIMvD4KovZQSjt9TBnrhPyDIA8J4M6QCuszgCWsaeeGIfq8xUxpKrJ8APncBFzl3u04O5rrbROzpNY5zF8S0dQY39WfygYdZb1iTGixrkrfDit3GRS79KRPU_UCAi-f4sU0z9R7gj6hSj_QdGQ8gwmu4hYkuWz5ntCa6V6LP3Kxj-cd0ajHw6sMc50wAA_uFcokBqPShWSr1AQauLJ3wc5wx73aBqQHPbjSQrfkqZnxgXSsVKP-nKOBbbJ3hQAKtyeIGdvJdpiU6-v7Aedt5ho9Sxe7Ai85SnpKViyg-XGLO7CPLxs_m0w39DCmwg8mJPC1MSczO6Hdv1Q6ROdmVwAW7c3XvBdftSfZtnX1d6RdBgZxUaivzhNdUOQ8SJAhjKBCXXk2BOlo7u4Bf2d7LLyCdj4sXXrZZc9OtOdwkjplgSmRx85ZAUM4o1ufOdP2mkBm92qHF8RNKSaEzsJRRWbp1lj-t3VAaCJc1WCV2=w665-h253-no\" style=\"height: 140px;width: 345px;\"/></p><p>The figure shows a main node which scatters the query to the different processing nodes. The processing nodes execute the query on their part of the data. The main node gathers the different results from the processing nodes and aggregates them.</p><hr/><h3 style=\"color: rgb(85, 85, 85);background-color: rgb(255, 255, 255);\">Pitfalls to avoid</h3><ul><li>Do not forget to think about resilience. A main node as well as the different data nodes should be kept redundant to avoid data loss in case of a break-down of one node. This is important to provide a robust system.</li><li>Avoid to create too many nodes, to keep maintenance and operation costs low. Find an optimal balance between the amount of nodes, costs and performance (execute a load test).</li><li>Make sure to choose the most suitable data attribute for the sharding/partitioning index. This depends heavily on the type of queries you execute on your system. </li></ul>','2016-01-22 10:23:04','Scatter data to increase scalability','published',42,1),(52,'2016-01-29 09:57:39','<h3>Initial position</h3><p>If the performance of an application reaches its limit even though the capacity of the underlying hardware is not maxed out, the application processing might have to be changed. This can be the case when the amount of requests to the system has increased during the evolution of the application, but the application has only one thread to processes these requests. Another reason can be if a unit of work is very large and is processed by only one thread.</p><hr/><h3>Revised design</h3><p>In order to be able to revise the design adequately, the following measurements have to be conducted and evaluated:</p><ul><li>Current size of the unit of work (e.g. the business transactions and updates to business objects caused by the incoming user requests)</li><li>Concurrency level of your software</li><li>Capable concurrency level of your hardware system</li></ul><p>Having compiled these measurements, try to split your unit of work in as many equally sized pieces to increase the concurrency level of your software and meet the capable concurrency level of your hardware as close as possible.</p><p>If your application was single threaded you might need to implement a thread pool (use existing frameworks or application server mechanisms). A thread pool allows you to configure the level of concurrency. The amount of concurrent threads can be in- or decreased which makes it easy to execute several tests and find the optimal level of concurrency. </p><p>If you implement multithreading to an existing application it is necessary to re-evaluate existing libraries with respect to thread-safe property. You also have to reevaluate the rest of your source code.<br/></p><p><img src=\"https://upload.wikimedia.org/wikipedia/commons/thumb/0/0c/Thread_pool.svg/2000px-Thread_pool.svg.png\" style=\"width: 221px;height: 115px;\"/><br/>(src: Wikipedia)</p><p>The figure shows how a thread pool works. There is a queue of tasks to be processed (violet dots), and there are 6 threads running (green squares). An idle thread picks up a task in the queue and starts the process. When the work is done, the thread returns to idle and can pick up the next task in the queue.</p><hr/><h3>Pitfalls to avoid</h3><ul><li>Make sure to implement your software best suitable for the underlying hardware. For example; different CPU architectures behave differently in concurrency control (e.g. SPARC vs. x86, see <a href=\"https://thawing-taiga-6031.herokuapp.com/#/ar/24\" target=\"_blank\">https://thawing-taiga-6031.herokuapp.com/#/ar/24</a>).</li><li>Make sure your existing software is already thread-safe or to make it thread-safe, to avoid locking and other unpredictable behavior (e.g. overwriting data in the memory).</li></ul><p>ZIO here!<br/></p>','2016-01-29 09:57:39','Convert application from single- to multi-threading to improve scalability','draft',23,5),(72,'2016-01-29 10:40:24','<h3>Initial position</h3><p>tbd</p><hr/><h3>Revised design</h3><p>All you need to knwo is written here: </p><p><a href=\"http://dspace.library.uu.nl/bitstream/handle/1874/303797/Kabbedijk.pdf?sequence=1\" target=\"_blank\">http://dspace.library.uu.nl/bitstream/handle/1874/303797/Kabbedijk.pdf?sequence=1</a></p><p>Image:</p><p><img src=\"http://www.ifs.tuwien.ac.at/sites/all/themes/ifs/tulogo.gif\"/></p><p>Video:</p><div class=\"ytp-html5-clipboard\">https://youtu.be/TYU8gwFLHJs<img class=\"ta-insert-video\" src=\"https://img.youtube.com/vi/TYU8gwFLHJs/hqdefault.jpg\" ta-insert-video=\"https://www.youtube.com/embed/TYU8gwFLHJs\" allowfullscreen=\"true\" frameborder=\"0\" contenteditable=\"false\"/></div><hr/><h3>Pitfalls to avoid</h3><ul><li>Don\'t overshoot <br/></li><li>Do test</li></ul>','2016-01-29 10:40:24','Add Multi-Tenancy Support','published',52,5),(92,'2016-01-29 10:51:38',NULL,'2016-01-29 10:51:38','ZIO AR','draft',62,5);
/*!40000 ALTER TABLE `arversion` ENABLE KEYS */;
UNLOCK TABLES;

--
-- Table structure for table `arversion_modelelementlink`
--

DROP TABLE IF EXISTS `arversion_modelelementlink`;
/*!40101 SET @saved_cs_client     = @@character_set_client */;
/*!40101 SET character_set_client = utf8 */;
CREATE TABLE `arversion_modelelementlink` (
  `ArVersion_id` bigint(20) NOT NULL,
  `properties_id` bigint(20) NOT NULL,
  `propertyorder` int(11) NOT NULL,
  PRIMARY KEY (`ArVersion_id`,`propertyorder`),
  KEY `FK_ceaew6fs2p42l9bfqde1wpaqk` (`properties_id`),
  CONSTRAINT `FK_ceaew6fs2p42l9bfqde1wpaqk` FOREIGN KEY (`properties_id`) REFERENCES `modelelementlink` (`id`),
  CONSTRAINT `FK_fkw03099i0x29yelrn49f2js5` FOREIGN KEY (`ArVersion_id`) REFERENCES `arversion` (`id`)
) ENGINE=InnoDB DEFAULT CHARSET=latin1;
/*!40101 SET character_set_client = @saved_cs_client */;

--
-- Dumping data for table `arversion_modelelementlink`
--

LOCK TABLES `arversion_modelelementlink` WRITE;
/*!40000 ALTER TABLE `arversion_modelelementlink` DISABLE KEYS */;
INSERT INTO `arversion_modelelementlink` VALUES (25,2,2),(35,2,3),(39,2,3),(29,3,4),(21,4,3),(72,4,6),(18,5,2),(23,5,1),(24,5,1),(26,5,3),(28,5,3),(38,5,3),(39,5,2),(40,5,1),(31,6,3),(52,6,3),(20,7,4),(35,7,2),(72,7,7),(21,8,2),(27,8,2),(29,8,3),(33,8,4),(37,8,2),(41,8,3),(42,8,2),(27,10,3),(30,10,4),(31,10,4),(32,10,3),(33,10,5),(34,10,5),(37,10,3),(41,10,4),(52,10,4),(21,11,1),(27,11,1),(28,11,1),(29,11,2),(31,11,0),(32,11,0),(33,11,1),(34,11,1),(37,11,0),(40,11,0),(52,11,0),(18,12,0),(21,12,0),(27,12,0),(28,12,0),(29,12,0),(31,12,1),(32,12,2),(37,12,1),(41,12,0),(42,12,0),(52,12,1),(72,12,4),(30,13,2),(32,13,1),(33,13,2),(20,14,0),(30,14,0),(34,14,2),(25,15,0),(30,15,1),(34,15,0),(38,15,1),(31,17,2),(52,17,2),(72,17,0),(32,18,8),(27,19,7),(32,19,9),(32,20,10),(21,21,8),(34,21,13),(30,22,11),(33,22,11),(31,24,9),(52,24,9),(31,25,10),(52,25,10),(28,33,7),(32,33,5),(42,33,5),(18,34,4),(20,34,6),(21,34,5),(25,34,4),(26,34,5),(27,34,4),(28,34,5),(29,34,6),(30,34,6),(31,34,6),(32,34,6),(33,34,8),(34,34,7),(35,34,5),(36,34,2),(38,34,5),(39,34,5),(40,34,3),(41,34,5),(42,34,3),(52,34,6),(72,34,9),(32,35,7),(21,36,7),(25,36,3),(26,36,6),(27,36,5),(28,36,6),(29,36,7),(30,36,8),(31,36,8),(33,36,9),(34,36,8),(36,36,3),(37,36,5),(40,36,4),(42,36,4),(52,36,8),(20,37,7),(21,37,6),(30,37,7),(33,37,10),(34,37,9),(30,38,9),(34,39,10),(38,39,6),(34,40,11),(31,41,7),(52,41,7),(20,47,2),(26,47,0),(28,47,2),(29,47,1),(72,47,2),(23,50,0),(24,50,0),(33,50,0),(34,50,4),(35,50,0),(38,50,0),(18,61,6),(19,61,0),(25,61,8),(28,61,9),(29,61,9),(18,62,1),(36,62,0),(18,63,5),(29,63,8),(18,64,3),(21,64,4),(23,64,2),(24,64,2),(26,64,4),(28,64,4),(29,64,5),(35,64,4),(37,64,4),(38,64,4),(40,64,2),(72,64,8),(20,65,10),(21,65,12),(25,65,7),(26,65,11),(27,65,8),(29,65,11),(41,65,9),(41,67,1),(72,67,1),(26,68,1),(42,68,1),(20,69,11),(20,70,12),(42,70,9),(20,71,8),(21,71,10),(26,71,7),(34,71,12),(20,72,9),(20,73,1),(21,74,9),(25,74,5),(37,74,6),(40,74,5),(42,74,8),(21,75,11),(20,76,5),(31,76,5),(36,76,1),(39,76,4),(52,76,5),(20,77,3),(39,77,1),(20,78,13),(23,79,3),(24,79,3),(38,79,7),(23,80,4),(24,80,4),(38,80,8),(25,83,1),(38,83,2),(72,83,3),(25,84,6),(26,85,2),(26,87,8),(26,88,9),(26,89,10),(26,90,12),(28,92,8),(42,92,6),(30,94,5),(33,94,6),(34,94,6),(30,95,10),(32,96,4),(30,97,3),(33,97,3),(34,97,3),(41,97,2),(33,98,7),(33,99,12),(34,99,14),(33,100,13),(36,101,4),(36,102,5),(39,103,0),(31,104,11),(52,104,11),(31,105,12),(52,105,12),(26,106,13),(26,107,14),(27,108,9),(28,108,10),(29,108,10),(28,109,11),(25,110,9),(31,111,13),(52,111,13),(30,112,12),(30,113,13),(30,114,14),(40,115,6),(42,115,7),(40,116,7),(40,117,8),(40,118,9),(40,119,10),(40,120,11),(31,121,14),(52,121,14),(21,122,13),(21,123,14),(27,123,10),(21,124,15),(35,125,1),(35,126,7),(35,127,8),(35,128,9),(35,129,6),(39,129,7),(37,130,7),(37,131,8),(27,132,6),(39,133,9),(39,134,10),(39,135,8),(18,136,7),(34,137,16),(34,138,17),(34,139,18),(34,140,19),(41,140,10),(34,141,20),(34,142,15),(32,143,11),(32,144,12),(32,145,13),(38,146,9),(41,149,7),(41,150,8),(41,151,6),(38,152,10),(27,153,11),(28,154,12),(39,155,6),(42,162,10),(42,172,11),(38,182,11),(33,192,14),(33,202,15),(33,212,16),(18,222,8),(29,222,12),(21,232,16),(72,242,10),(72,252,11),(72,262,5);
/*!40000 ALTER TABLE `arversion_modelelementlink` ENABLE KEYS */;
UNLOCK TABLES;

--
-- Table structure for table `arversion_smell`
--

DROP TABLE IF EXISTS `arversion_smell`;
/*!40101 SET @saved_cs_client     = @@character_set_client */;
/*!40101 SET character_set_client = utf8 */;
CREATE TABLE `arversion_smell` (
  `ArVersion_id` bigint(20) NOT NULL,
  `smells_id` bigint(20) NOT NULL,
  `smellorder` int(11) NOT NULL,
  PRIMARY KEY (`ArVersion_id`,`smellorder`),
  KEY `FK_bt7jxcbdap4mryr6msmvssaj1` (`smells_id`),
  CONSTRAINT `FK_bt7jxcbdap4mryr6msmvssaj1` FOREIGN KEY (`smells_id`) REFERENCES `smell` (`id`),
  CONSTRAINT `FK_ndklyjp9hgvd2it5b5dx54klw` FOREIGN KEY (`ArVersion_id`) REFERENCES `arversion` (`id`)
) ENGINE=InnoDB DEFAULT CHARSET=latin1;
/*!40101 SET character_set_client = @saved_cs_client */;

--
-- Dumping data for table `arversion_smell`
--

LOCK TABLES `arversion_smell` WRITE;
/*!40000 ALTER TABLE `arversion_smell` DISABLE KEYS */;
INSERT INTO `arversion_smell` VALUES (20,24,1),(21,24,0),(27,24,0),(29,24,0),(41,24,0),(42,24,0),(18,25,0),(18,26,1),(20,27,0),(26,27,3),(21,28,1),(27,28,1),(21,31,2),(23,31,0),(24,31,0),(38,31,0),(25,32,0),(25,33,1),(26,35,0),(30,35,0),(38,35,1),(72,35,0),(26,36,1),(26,37,2),(26,38,4),(21,39,3),(28,39,0),(42,39,1),(29,40,1),(30,41,1),(30,42,2),(34,42,0),(31,43,0),(52,43,0),(31,44,1),(52,44,1),(31,45,2),(52,45,2),(31,46,3),(52,46,3),(32,47,0),(32,48,1),(33,49,0),(33,50,1),(37,51,0),(40,52,0),(40,53,1),(35,54,0),(37,55,1),(39,56,0),(34,57,1),(41,58,1),(72,62,1);
/*!40000 ALTER TABLE `arversion_smell` ENABLE KEYS */;
UNLOCK TABLES;

--
-- Table structure for table `arversion_tasktemplate`
--

DROP TABLE IF EXISTS `arversion_tasktemplate`;
/*!40101 SET @saved_cs_client     = @@character_set_client */;
/*!40101 SET character_set_client = utf8 */;
CREATE TABLE `arversion_tasktemplate` (
  `ArVersion_id` bigint(20) NOT NULL,
  `tasks_id` bigint(20) NOT NULL,
  `taskorder` int(11) NOT NULL,
  PRIMARY KEY (`ArVersion_id`,`taskorder`),
  KEY `FK_jdu4a8o10wxvhgjnxt369mwkr` (`tasks_id`),
  CONSTRAINT `FK_jdu4a8o10wxvhgjnxt369mwkr` FOREIGN KEY (`tasks_id`) REFERENCES `tasktemplate` (`id`),
  CONSTRAINT `FK_pve7w7d2e6h1nwangynsjj8dc` FOREIGN KEY (`ArVersion_id`) REFERENCES `arversion` (`id`)
) ENGINE=InnoDB DEFAULT CHARSET=latin1;
/*!40101 SET character_set_client = @saved_cs_client */;

--
-- Dumping data for table `arversion_tasktemplate`
--

LOCK TABLES `arversion_tasktemplate` WRITE;
/*!40000 ALTER TABLE `arversion_tasktemplate` DISABLE KEYS */;
INSERT INTO `arversion_tasktemplate` VALUES (72,3,0),(34,6,5),(35,6,4),(42,6,3),(39,8,2),(18,17,0),(29,17,0),(18,20,1),(29,20,2),(18,22,2),(37,22,0),(20,23,2),(20,24,3),(26,24,3),(30,24,5),(34,24,3),(24,25,0),(38,25,1),(24,26,1),(38,26,3),(24,27,2),(38,27,4),(25,28,0),(25,29,3),(25,30,4),(21,31,7),(25,31,1),(26,31,4),(28,31,7),(37,31,5),(25,32,2),(26,33,2),(26,34,5),(28,35,4),(28,36,5),(20,37,0),(28,37,1),(29,37,1),(30,37,0),(32,37,0),(33,37,2),(34,37,0),(30,38,1),(30,39,2),(30,40,3),(30,41,4),(30,42,6),(30,43,7),(32,43,7),(33,43,7),(31,44,0),(32,44,1),(33,44,3),(34,44,1),(42,44,0),(52,44,0),(31,45,1),(52,45,1),(31,46,2),(52,46,2),(31,47,3),(52,47,3),(31,48,4),(52,48,4),(31,49,7),(52,49,7),(21,50,6),(31,50,6),(52,50,6),(32,51,2),(32,52,3),(32,53,4),(32,54,5),(32,55,6),(33,56,4),(33,57,5),(33,58,6),(34,59,2),(34,60,4),(29,61,4),(26,62,1),(26,63,0),(28,64,0),(28,65,3),(28,66,2),(29,67,3),(18,68,3),(29,68,5),(40,69,0),(40,70,4),(40,71,1),(37,72,2),(40,72,3),(42,72,2),(40,73,5),(40,74,2),(21,75,0),(18,76,5),(20,76,5),(21,76,5),(27,76,3),(28,76,6),(31,76,5),(37,76,3),(39,76,5),(42,76,4),(52,76,5),(21,77,3),(21,78,4),(35,79,1),(35,80,2),(35,81,0),(35,82,3),(35,83,5),(37,84,1),(27,85,4),(37,85,4),(27,86,2),(27,87,0),(27,88,1),(27,89,5),(39,90,4),(39,91,0),(39,92,1),(39,93,3),(18,94,4),(34,95,6),(20,96,1),(20,97,4),(41,98,0),(41,99,2),(41,100,3),(41,101,1),(41,102,5),(41,103,4),(41,104,6),(42,112,1),(42,122,5),(38,132,0),(38,142,2),(38,152,5),(33,162,1),(33,172,0),(21,182,2),(21,192,1),(72,202,1);
/*!40000 ALTER TABLE `arversion_tasktemplate` ENABLE KEYS */;
UNLOCK TABLES;

--
-- Table structure for table `comment`
--

DROP TABLE IF EXISTS `comment`;
/*!40101 SET @saved_cs_client     = @@character_set_client */;
/*!40101 SET character_set_client = utf8 */;
CREATE TABLE `comment` (
  `id` bigint(20) NOT NULL AUTO_INCREMENT,
  `comment` longtext,
  `created` datetime DEFAULT NULL,
  `modified` datetime DEFAULT NULL,
  `discussion_id` bigint(20) DEFAULT NULL,
  `user_id` bigint(20) DEFAULT NULL,
  PRIMARY KEY (`id`),
  KEY `FK_98fa9xjgdg4lqrubyuq5lujp7` (`discussion_id`),
  KEY `FK_jhvt6d9ap8gxv67ftrmshdfhj` (`user_id`),
  CONSTRAINT `FK_98fa9xjgdg4lqrubyuq5lujp7` FOREIGN KEY (`discussion_id`) REFERENCES `discussion` (`id`),
  CONSTRAINT `FK_jhvt6d9ap8gxv67ftrmshdfhj` FOREIGN KEY (`user_id`) REFERENCES `user` (`id`)
) ENGINE=InnoDB AUTO_INCREMENT=42 DEFAULT CHARSET=latin1;
/*!40101 SET character_set_client = @saved_cs_client */;

--
-- Dumping data for table `comment`
--

LOCK TABLES `comment` WRITE;
/*!40000 ALTER TABLE `comment` DISABLE KEYS */;
/*!40000 ALTER TABLE `comment` ENABLE KEYS */;
UNLOCK TABLES;

--
-- Table structure for table `digest`
--

DROP TABLE IF EXISTS `digest`;
/*!40101 SET @saved_cs_client     = @@character_set_client */;
/*!40101 SET character_set_client = utf8 */;
CREATE TABLE `digest` (
  `id` bigint(20) NOT NULL AUTO_INCREMENT,
  `salt` varchar(255) DEFAULT NULL,
  `scrypt` varchar(255) DEFAULT NULL,
  PRIMARY KEY (`id`)
) ENGINE=InnoDB AUTO_INCREMENT=42 DEFAULT CHARSET=latin1;
/*!40101 SET character_set_client = @saved_cs_client */;

--
-- Dumping data for table `digest`
--

LOCK TABLES `digest` WRITE;
/*!40000 ALTER TABLE `digest` DISABLE KEYS */;
INSERT INTO `digest` VALUES (1,'6jXwcJwzde0gnHW77GSxww==','7tXGVoLVSYrQRoovswFzPbz0YKnioawIq931TSX4iVc='),(2,'6jXwcJwzde0gnHW77GSxww==','7tXGVoLVSYrQRoovswFzPbz0YKnioawIq931TSX4iVc='),(3,'6jXwcJwzde0gnHW77GSxww==','7tXGVoLVSYrQRoovswFzPbz0YKnioawIq931TSX4iVc='),(4,'6jXwcJwzde0gnHW77GSxww==','7tXGVoLVSYrQRoovswFzPbz0YKnioawIq931TSX4iVc='),(5,'OdH/Tz1icSe7QU+glRwGsw==','YekKApUfSkKjNToho+gVC09yxYyU9lr4qildZmfDhiA='),(6,'A+4GOr0IVUAESa14FgR0Zg==','1iH4mxiK+tCV8c6mB+BcH+i8S6CPdBY38yILLqt2Rqo='),(7,'1xBl3UFSF6a+By8AfPGT4A==','6ORGjY7M8YsLqFNrY+pd7VTnmewaz7TCRkX1Q4IC/NI='),(8,'kIUYgJFEqh2X2aWT+P87xQ==','9JVeqwETVLI++iebVZK2GhwSPYdazEEW6Wu9dQpOtxQ='),(9,'fVIJL8T8cWYM/L2z2ejJqA==','3hSFh65zyxVl3PNMYTOTHkmD/UjfrEnOrDFj6Xb7+pw='),(10,'i/lI7WGwUX6Z0QDoC7VJUw==','LWWcBWA0rD+FzgJCFgL+f2lE6N/8N1pR2cNqALJh+lY='),(16,'6jXwcJwzde0gnHW77GSxww==','7tXGVoLVSYrQRoovswFzPbz0YKnioawIq931TSX4iVc='),(22,'CkcI19mFWeJ/OgnO8j/K7g==','fC2IxhH/cmEVvxfU9ZX/CyaC4fYuHhIY3mzxLwroLSQ='),(32,'CNkZYRkMLYhbjp/N2qbLsw==','DFO3UVPHXcGOfOjcxokcbCnX97u3zaEms9rXXA7EWzY=');
/*!40000 ALTER TABLE `digest` ENABLE KEYS */;
UNLOCK TABLES;

--
-- Table structure for table `discussion`
--

DROP TABLE IF EXISTS `discussion`;
/*!40101 SET @saved_cs_client     = @@character_set_client */;
/*!40101 SET character_set_client = utf8 */;
CREATE TABLE `discussion` (
  `id` bigint(20) NOT NULL AUTO_INCREMENT,
  `created` datetime DEFAULT NULL,
  `type` varchar(255) DEFAULT NULL,
  `ar_id` bigint(20) DEFAULT NULL,
  PRIMARY KEY (`id`),
  KEY `FK_au0d6h4mkbre9v32xcyr0wmir` (`ar_id`),
  CONSTRAINT `FK_au0d6h4mkbre9v32xcyr0wmir` FOREIGN KEY (`ar_id`) REFERENCES `arversion` (`id`)
) ENGINE=InnoDB AUTO_INCREMENT=102 DEFAULT CHARSET=latin1;
/*!40101 SET character_set_client = @saved_cs_client */;

--
-- Dumping data for table `discussion`
--

LOCK TABLES `discussion` WRITE;
/*!40000 ALTER TABLE `discussion` DISABLE KEYS */;
INSERT INTO `discussion` VALUES (18,'2015-09-29 11:16:04','DISCUSSION',18),(19,'2015-09-29 13:01:54','DISCUSSION',19),(20,'2015-10-14 06:09:01','DISCUSSION',20),(21,'2015-10-14 07:20:39','DISCUSSION',21),(23,'2015-11-03 09:55:09','DISCUSSION',23),(24,'2015-11-03 10:13:52','DISCUSSION',24),(25,'2015-11-04 09:27:26','DISCUSSION',25),(26,'2015-11-11 08:56:13','DISCUSSION',26),(27,'2015-11-11 11:40:23','DISCUSSION',27),(28,'2015-11-26 21:39:22','DISCUSSION',28),(29,'2015-11-26 23:35:13','DISCUSSION',29),(30,'2015-12-06 22:24:00','DISCUSSION',30),(31,'2015-12-06 23:56:01','DISCUSSION',31),(32,'2015-12-07 08:58:02','DISCUSSION',32),(33,'2015-12-07 09:34:09','DISCUSSION',33),(34,'2015-12-07 10:06:53','DISCUSSION',34),(35,'2015-12-07 10:20:02','DISCUSSION',35),(36,'2015-12-07 10:20:44','DISCUSSION',36),(37,'2015-12-07 10:24:37','DISCUSSION',37),(38,'2015-12-07 10:41:50','DISCUSSION',38),(39,'2015-12-07 11:35:27','DISCUSSION',39),(40,'2015-12-31 11:20:44','DISCUSSION',40),(41,'2016-01-10 17:09:49','DISCUSSION',41),(42,'2016-01-22 10:23:04','DISCUSSION',42),(52,'2016-01-29 09:57:39','DISCUSSION',52),(72,'2016-01-29 10:40:24','DISCUSSION',72),(92,'2016-01-29 10:51:38','DISCUSSION',92);
/*!40000 ALTER TABLE `discussion` ENABLE KEYS */;
UNLOCK TABLES;

--
-- Table structure for table `exectasktype`
--

DROP TABLE IF EXISTS `exectasktype`;
/*!40101 SET @saved_cs_client     = @@character_set_client */;
/*!40101 SET character_set_client = utf8 */;
CREATE TABLE `exectasktype` (
  `id` bigint(20) NOT NULL AUTO_INCREMENT,
  `description` varchar(255) DEFAULT NULL,
  `name` varchar(255) DEFAULT NULL,
  `ordering` int(11) DEFAULT NULL,
  `parent_id` bigint(20) DEFAULT NULL,
  PRIMARY KEY (`id`),
  KEY `FK_svn6hnkjoy1l6jjgr6fsm69vi` (`parent_id`),
  CONSTRAINT `FK_svn6hnkjoy1l6jjgr6fsm69vi` FOREIGN KEY (`parent_id`) REFERENCES `exectasktype` (`id`)
) ENGINE=InnoDB AUTO_INCREMENT=28 DEFAULT CHARSET=latin1;
/*!40101 SET character_set_client = @saved_cs_client */;

--
-- Dumping data for table `exectasktype`
--

LOCK TABLES `exectasktype` WRITE;
/*!40000 ALTER TABLE `exectasktype` DISABLE KEYS */;
INSERT INTO `exectasktype` VALUES (1,'','root',1,1),(2,'','Execution Task Type',1,1),(3,'','Analysis Task',0,2),(4,'','Measurement Task',0,3),(5,'','Design Task',0,2),(6,'','Decision Task',0,5),(7,'','Development Task',0,2),(8,'','Admin Task',0,2),(9,'','Systemmanagement Task',0,8),(10,'','ITIL Task',0,9),(11,'','Testing Task',0,2),(12,'','Integration Task',0,2),(13,'','Commercial Task',0,2),(14,'','Communication Task',0,2),(15,'','Documentation Task',0,14),(17,'','Hold Meeting Task',0,14),(18,'','Leadership Task',0,2),(26,'','Modelling Task',0,5),(27,'','Architectural Decision Task',0,6);
/*!40000 ALTER TABLE `exectasktype` ENABLE KEYS */;
UNLOCK TABLES;

--
-- Table structure for table `likeing`
--

DROP TABLE IF EXISTS `likeing`;
/*!40101 SET @saved_cs_client     = @@character_set_client */;
/*!40101 SET character_set_client = utf8 */;
CREATE TABLE `likeing` (
  `id` bigint(20) NOT NULL AUTO_INCREMENT,
  `comment_id` bigint(20) DEFAULT NULL,
  `user_id` bigint(20) DEFAULT NULL,
  PRIMARY KEY (`id`),
  UNIQUE KEY `UK_lpjmiui3dtgtho76r9dvfr8sd` (`comment_id`,`user_id`),
  KEY `FK_3ospvjpcpqhcj5tdwifmlmxo1` (`user_id`),
  CONSTRAINT `FK_3ospvjpcpqhcj5tdwifmlmxo1` FOREIGN KEY (`user_id`) REFERENCES `user` (`id`),
  CONSTRAINT `FK_nwfnc3ifvy0ac6ga20vx3x5ww` FOREIGN KEY (`comment_id`) REFERENCES `comment` (`id`)
) ENGINE=InnoDB DEFAULT CHARSET=latin1;
/*!40101 SET character_set_client = @saved_cs_client */;

--
-- Dumping data for table `likeing`
--

LOCK TABLES `likeing` WRITE;
/*!40000 ALTER TABLE `likeing` DISABLE KEYS */;
/*!40000 ALTER TABLE `likeing` ENABLE KEYS */;
UNLOCK TABLES;

--
-- Table structure for table `menuitem`
--

DROP TABLE IF EXISTS `menuitem`;
/*!40101 SET @saved_cs_client     = @@character_set_client */;
/*!40101 SET character_set_client = utf8 */;
CREATE TABLE `menuitem` (
  `id` bigint(20) NOT NULL AUTO_INCREMENT,
  `fullname` varchar(255) DEFAULT NULL,
  `image` varchar(255) DEFAULT NULL,
  `name` varchar(255) DEFAULT NULL,
  `ordering` int(11) DEFAULT NULL,
  `pos` varchar(255) DEFAULT NULL,
  `roles` varchar(255) DEFAULT NULL,
  `tooltip` varchar(255) DEFAULT NULL,
  `type` varchar(255) DEFAULT NULL,
  `url` varchar(255) DEFAULT NULL,
  `menuitem_id` bigint(20) DEFAULT NULL,
  PRIMARY KEY (`id`),
  KEY `FK_p1p3r8tnjlsh081geeocv246w` (`menuitem_id`),
  CONSTRAINT `FK_p1p3r8tnjlsh081geeocv246w` FOREIGN KEY (`menuitem_id`) REFERENCES `menuitem` (`id`)
) ENGINE=InnoDB AUTO_INCREMENT=18 DEFAULT CHARSET=latin1;
/*!40101 SET character_set_client = @saved_cs_client */;

--
-- Dumping data for table `menuitem`
--

LOCK TABLES `menuitem` WRITE;
/*!40000 ALTER TABLE `menuitem` DISABLE KEYS */;
INSERT INTO `menuitem` VALUES (1,'Root','','root',0,'','','','root','',1),(3,'AR Browser','','root.arbrowser',10,'left','','Architectural Refactoring Browser','include','',1),(4,'Smell Browser','','root.smellbrowser',15,'left','','','include','',1),(5,'Task Browser','','root.taskbrowser',25,'left','','','include','',1),(6,'Smell Self-Assessment','','root.smellassess',30,'left','','Refactoring Qualification','include','',1),(7,'Admin','','root.admin',40,'left','Admin,Editor','','dropdown','',1),(9,'Execution Task Types','','root.exectypes',10,'left','Admin,Editor','Edit Execution Task Types','include','',7),(10,'AR Meta Data','','root.modelelement',15,'left','Admin,Editor','','include','',7),(11,'Smell Groups','','root.smellgroup',20,'left','Admin,Editor','','include','',7),(12,'About','','root.about',45,'left','','','include','',1),(13,'Profile','','root.profile',50,'right','','','include','',1),(14,'Login','','root.login',55,'right','','','login-logout','',1),(15,'Help','','root.help',43,'left','','','include','',1),(17,'Properties','','root.properties',25,'left','Admin,Editor','Property Administration','include','',7);
/*!40000 ALTER TABLE `menuitem` ENABLE KEYS */;
UNLOCK TABLES;

--
-- Table structure for table `modelelementlink`
--

DROP TABLE IF EXISTS `modelelementlink`;
/*!40101 SET @saved_cs_client     = @@character_set_client */;
/*!40101 SET character_set_client = utf8 */;
CREATE TABLE `modelelementlink` (
  `id` bigint(20) NOT NULL AUTO_INCREMENT,
  `link` varchar(255) DEFAULT NULL,
  `name` varchar(255) DEFAULT NULL,
  `type` varchar(255) DEFAULT NULL,
  PRIMARY KEY (`id`)
) ENGINE=InnoDB AUTO_INCREMENT=272 DEFAULT CHARSET=latin1;
/*!40101 SET character_set_client = @saved_cs_client */;

--
-- Dumping data for table `modelelementlink`
--

LOCK TABLES `modelelementlink` WRITE;
/*!40000 ALTER TABLE `modelelementlink` DISABLE KEYS */;
INSERT INTO `modelelementlink` VALUES (1,'http://www.viewpoints-and-perspectives.info/home/viewpoints/','Context View [Rozanski, Woods]','ContextElementLink'),(2,'http://www.viewpoints-and-perspectives.info/home/viewpoints/','Functional View [Rozanski, Woods]','ContextElementLink'),(3,'http://www.viewpoints-and-perspectives.info/home/viewpoints/','Information View [Rozanski, Woods]','ContextElementLink'),(4,'http://www.viewpoints-and-perspectives.info/home/viewpoints/','Concurrency View [Rozanski, Woods]','ContextElementLink'),(5,'http://ieeexplore.ieee.org/xpl/articleDetails.jsp?arnumber=469759','Logical View [4+1, Kruchten]','ContextElementLink'),(6,'http://ieeexplore.ieee.org/xpl/articleDetails.jsp?arnumber=469759','Process View [4+1, Kruchten]','ContextElementLink'),(7,'http://ieeexplore.ieee.org/xpl/articleDetails.jsp?arnumber=469759','Development View [4+1, Kruchten / Rozanski, Woods]','ContextElementLink'),(8,'http://ieeexplore.ieee.org/xpl/articleDetails.jsp?arnumber=469759','Physical View [4+1, Kruchten]','ContextElementLink'),(9,'http://ieeexplore.ieee.org/xpl/articleDetails.jsp?arnumber=469759','Scenarios [4+1, Kruchten]','ContextElementLink'),(10,'http://www.viewpoints-and-perspectives.info/home/viewpoints/','Deployment View [Rozanski, Woods]','ContextElementLink'),(11,'https://en.wikipedia.org/wiki/Computer_performance','Performance','QASElementLink'),(12,'https://en.wikipedia.org/wiki/Scalability','Scalability','QASElementLink'),(13,'https://en.wikipedia.org/wiki/Cost','Costs','QASElementLink'),(14,'https://en.wikipedia.org/wiki/Programming_complexity','Complexity','QASElementLink'),(15,'https://en.wikipedia.org/wiki/Coupling_(computer_programming)','Dependency','QASElementLink'),(16,'https://en.wikipedia.org/wiki/Probability','Probability','QASElementLink'),(17,'https://en.wikipedia.org/wiki/Data_integrity','Data integrity','QASElementLink'),(18,NULL,'High parallelisation','DecisionElementLink'),(19,NULL,'Choice of hardware plattform','DecisionElementLink'),(20,NULL,'Choice of operating system','DecisionElementLink'),(21,NULL,'Choice of middleware','DecisionElementLink'),(22,NULL,'Choice of thirdparty vendor','DecisionElementLink'),(24,NULL,'Approach to threading (concurrency management)','DecisionElementLink'),(25,NULL,'Approach to resource protection','DecisionElementLink'),(33,NULL,'Hardware (server)','ComponentElementLink'),(34,NULL,'Application software (Business software)','ComponentElementLink'),(35,NULL,'Operating system','ComponentElementLink'),(36,NULL,'Middleware','ComponentElementLink'),(37,NULL,'Interfaces','ComponentElementLink'),(38,NULL,'Scheduler','ComponentElementLink'),(39,NULL,'Other applications','ComponentElementLink'),(40,NULL,'Quality assurance of service','ComponentElementLink'),(41,NULL,'Unit of work','ComponentElementLink'),(42,NULL,'Software Systems Architecture [Rozanski & Woods]','ReferenceElementLink'),(43,NULL,'Applying UML and Patterns [Larman]','ReferenceElementLink'),(44,NULL,'UML Distilled [Fowler]','ReferenceElementLink'),(45,NULL,'Refactoring To Patterns [Kerievsky]','ReferenceElementLink'),(46,NULL,'Just Enough Software Architecture [Fairbanks]','ReferenceElementLink'),(47,'https://en.wikipedia.org/wiki/Flexibility_(engineering)','Flexibility','QASElementLink'),(48,'http://philippe.kruchten.com/2011/02/10/the-frog-and-the-octopus-go-to-snowbird/','OCTOPUS-1','ContextElementLink'),(49,'http://www.eaipatterns.com/ramblings/74_messaging.html','EIP Website','ReferenceElementLink'),(50,'https://en.wikipedia.org/wiki/Maintainability','Maintainability','QASElementLink'),(53,'https://en.wikipedia.org/wiki/Data_modeling','Choice of data modeling paradigm (current decision is: relational)','DecisionElementLink'),(54,NULL,'Choice of metamodel and query language (current decision is SQL)','DecisionElementLink'),(61,'http://martinfowler.com/books/eaa.html','Patterns of Enterprise Application Architecture [Martin Fowler]','ReferenceElementLink'),(62,'https://en.wikipedia.org/wiki/Computer_security','Security','QASElementLink'),(63,NULL,'Choice of session state management','DecisionElementLink'),(64,'http://www.springer.com/us/book/9783642023736','Conceptual Level [Architectural Decision Level]','ContextElementLink'),(65,NULL,'Cloud Computing Patterns [Fehling, Leymann, Retter, Schupeck, Arbitter]','ReferenceElementLink'),(66,NULL,'Cloud Migration [T. Höllwarth]','ReferenceElementLink'),(67,'https://en.wikipedia.org/wiki/Elasticity_(cloud_computing)','Elasticity','QASElementLink'),(68,'https://en.wikipedia.org/wiki/Robustness_(computer_science)','Robustness','QASElementLink'),(69,'http://martinfowler.com/articles/richardsonMaturityModel.html','Richardson Maturity Model [Fowler]','ReferenceElementLink'),(70,NULL,'Enterprise Integration Patterns [Hope, Woolf]','ReferenceElementLink'),(71,NULL,'Choice of service interface','DecisionElementLink'),(72,NULL,'Choice of Protocol','DecisionElementLink'),(73,'https://en.wikipedia.org/wiki/KISS_principle','Simplicity','QASElementLink'),(74,NULL,'Choice of data source/store','DecisionElementLink'),(75,NULL,'Choice of messaging system','DecisionElementLink'),(76,'http://www.springer.com/us/book/9783642023736','Technology Level [Architectural Decision Level]','ContextElementLink'),(77,'https://en.wikipedia.org/wiki/Productivity','Productivity','QASElementLink'),(78,'http://www8.cs.umu.se/kurser/5DV095/HT09/literature/restvsbig.pdf','RESTful Web Services vs. “Big” Web Services','ReferenceElementLink'),(79,'http://www.encyclopedia.com/doc/1O11-functionalpartitioning.html','Functional partitioning','DecisionElementLink'),(80,'http://www.ifs.hsr.ch/Method-Selection-and-Tailoring.13195.0.html','OLAF\'s Method Tailoring Guide','ReferenceElementLink'),(81,NULL,'TOGAF1-InformationPane','ContextElementLink'),(82,NULL,'TOGAF2-FeaturePane','ContextElementLink'),(83,'https://en.wikipedia.org/wiki/Separation_of_concerns','Responsibility','QASElementLink'),(84,NULL,'Software system landscape','DecisionElementLink'),(85,'https://en.wikipedia.org/wiki/Standardization','Standardization','QASElementLink'),(86,NULL,'Choice of pattern','DecisionElementLink'),(87,NULL,'Choice of message exchange pattern','DecisionElementLink'),(88,NULL,'Choice of transport protocol','DecisionElementLink'),(89,NULL,'Synchronous vs. asynchronous communication','DecisionElementLink'),(90,'http://www.ibm.com/developerworks/library/ar-esbpat1/','Exploring the Enterprise Service Bus [IBM, Greg Flurry]','ReferenceElementLink'),(92,NULL,'Choice of tier architecture','DecisionElementLink'),(94,NULL,'Software Level','ContextElementLink'),(95,NULL,'Choice to use an application server','DecisionElementLink'),(96,NULL,'Product level','ContextElementLink'),(97,'https://en.wikipedia.org/wiki/Porting','Portability','QASElementLink'),(98,'http://www.springer.com/us/book/9783642023736','Vendor asset level [Architectural Decision Level]','ContextElementLink'),(99,NULL,'Choice of third party product','DecisionElementLink'),(100,NULL,'Choice of software version','DecisionElementLink'),(101,NULL,'Choice of security level','DecisionElementLink'),(102,NULL,'Choice of confidentiality level','DecisionElementLink'),(103,'https://en.wikipedia.org/wiki/Functional_requirement','Functionality','QASElementLink'),(104,'https://en.wikipedia.org/wiki/Thread_pool','Thread-Pool Pattern','ReferenceElementLink'),(105,'https://en.wikipedia.org/wiki/Concurrency_pattern','Concurrency Patterns','ReferenceElementLink'),(106,'https://de.wikipedia.org/wiki/Message_Oriented_Middleware','Message Oriented Middleware [Wikipedia]','ReferenceElementLink'),(107,'https://de.wikipedia.org/wiki/Enterprise_Service_Bus','Enterprise Service Bus [Wikipedia]','ReferenceElementLink'),(108,'https://en.wikipedia.org/wiki/Load_balancing_(computing)','Load balancing [Wikipedia]','ReferenceElementLink'),(109,'https://en.wikipedia.org/wiki/Scalability','Scalability [Wikipedia]','ReferenceElementLink'),(110,'http://www.oracle.com/technetwork/java/dataaccessobject-138824.html','Core J2EE Patterns - Data Access Object [Oracle]','ReferenceElementLink'),(111,'http://www.ibm.com/developerworks/library/j-jtp0730/','Java theory and practice: Thread pools and work queues [IBM, Brian Goetz]','ReferenceElementLink'),(112,'https://developer.ibm.com/wasdev/docs/java-batch/','Why Java Batch? [Kaushik Mukherjee]','ReferenceElementLink'),(113,'https://en.wikipedia.org/wiki/Batch_processing','Batch processing [Wikipedia]','ReferenceElementLink'),(114,'https://jaxenter.com/java-application-servers-dead-112186.html','Java application servers are dead! [Eberhard Wolff]','ReferenceElementLink'),(115,NULL,'Choice of data partitioning and layout','DecisionElementLink'),(116,'http://db.csail.mit.edu/projects/cstore/abadi-sigmod08.pdf','Column-Stores vs. Row-Stores: How Different Are They Really? [Abadi, Madden, Hachem]','ReferenceElementLink'),(117,'http://db.csail.mit.edu/pubs/abadi-column-stores.pdf','The Design and Implementation of Modern Column-Oriented Database Systems [Abadi, Boncz, Harizopoulos]','ReferenceElementLink'),(118,'https://en.wikipedia.org/wiki/Online_analytical_processing','Online analytical processing [Wikipedia]','ReferenceElementLink'),(119,'https://en.wikipedia.org/wiki/Business_intelligence','Business intelligence [Wikipedia]','ReferenceElementLink'),(120,'http://de.slideshare.net/abadid/vldb-2009-tutorial-on-columnstores','VLDB 2009 Tutorial on Column-Stores [Daniel Abadi]','ReferenceElementLink'),(121,'','Advanced Computer Architecture and Parallel Processing [Hesham El-Rewini,Mostafa Abd-El-Barr]','ReferenceElementLink'),(122,'https://en.wikipedia.org/wiki/Scalability','Scalability [Wikipedia]','ReferenceElementLink'),(123,NULL,'The Art of Scalability: Scalable Web Architecture, Processes, and Organizations for the Modern Enterprise [Abbott, Fisher]','ReferenceElementLink'),(124,'https://msdn.microsoft.com/en-us/library/dn600224.aspx','Performance and Scalability Patterns and Guidance [MSDN]','ReferenceElementLink'),(125,'https://en.wikipedia.org/wiki/Testability','Testability','QASElementLink'),(126,'http://martinfowler.com/articles/injection.html','Inversion of Control Containers and the Dependency Injection pattern [Martin Fowler]','ReferenceElementLink'),(127,'https://en.wikipedia.org/wiki/Dependency_injection','Dependency injection [Wikipedia]','ReferenceElementLink'),(128,'https://en.wikipedia.org/wiki/Mock_object','Mock Object [Wikipedia]','ReferenceElementLink'),(129,NULL,'Choice of application frameworks','DecisionElementLink'),(130,'https://en.wikipedia.org/wiki/In-memory_database','In-memory database [Wikipedia]','ReferenceElementLink'),(131,'https://en.wikipedia.org/wiki/Online_transaction_processing','Online Transaction Processing [Wikipedia]','ReferenceElementLink'),(132,NULL,'Hardware load balancer','ComponentElementLink'),(133,'http://saxon.sourceforge.net/','The XSLT and XQuery Processor [Saxonica]','ReferenceElementLink'),(134,'https://xalan.apache.org/','Apache Xalan','ReferenceElementLink'),(135,'http://www.data2type.de/en/publications/xslfo-in-practice/','XSL-FO in der Praxis [Manuel Montero Pineda, Manfred Krüger]','ReferenceElementLink'),(136,'https://en.wikipedia.org/wiki/Session_(computer_science)','Session management [Wikipedia]','ReferenceElementLink'),(137,'http://www.sei.cmu.edu/reports/06tn026.pdf','Quantitative Methods for Software Selection and Evaluation [Michael S. Bandor]','ReferenceElementLink'),(138,'http://www.iso.org/iso/home/store/catalogue_ics/catalogue_detail_ics.htm?csnumber=35765','Systems and software Quality Requirements and Evaluation (SQuaRE) - ISO/IEC 25040','ReferenceElementLink'),(139,'https://jaxenter.com/java-application-servers-dead-112186.html','Java application servers are dead! [Eberhard Wolff]','ReferenceElementLink'),(140,'https://www.playframework.com/','Play Framework','ReferenceElementLink'),(141,'https://files.ifi.uzh.ch/rerg/amadeus/teaching/courses/software_engineering_ws0506/Kapitel_12_EvolReeng.pdf','Software Evolution und Reengineering [Martin Glinz, Harald Gall, University of Zurich]','ReferenceElementLink'),(142,NULL,'Software evolution strategy','DecisionElementLink'),(143,NULL,'Solaris Application Programming [Darryl Gove]','ReferenceElementLink'),(144,'https://en.wikipedia.org/wiki/Concurrency_control','Concurrency control [Wikipedia]','ReferenceElementLink'),(145,'https://en.wikipedia.org/wiki/X86','x86 [Wikipedia]','ReferenceElementLink'),(146,'https://en.wikipedia.org/wiki/Separation_of_concerns','Separation of concerns [Wikipedia]','ReferenceElementLink'),(147,'http://www.viewpoints-and-perspectives.info/home/viewpoints/','Operational View [Rozanski, Woods]','ContextElementLink'),(148,'http://www.springer.com/us/book/9783642023736','Executive Level [Architectural Decision Level]','ContextElementLink'),(149,NULL,'Choice of standalone web-application process','DecisionElementLink'),(150,'https://devcenter.heroku.com/articles/getting-started-with-scala','Getting Started with Scala and Play on Heroku','ReferenceElementLink'),(151,NULL,'Application configuration','ComponentElementLink'),(152,NULL,'Tailoring Software Infrastructures [Christian Dörner]','ReferenceElementLink'),(153,'https://en.wikipedia.org/wiki/Application_delivery_controller','Application delivery controller','ReferenceElementLink'),(154,'https://msdn.microsoft.com/en-us/library/ff650706.aspx','Microsoft Application Architecture Guide, 2nd Edition','ReferenceElementLink'),(155,NULL,'Choice of information presentation method','DecisionElementLink'),(162,'https://msdn.microsoft.com/en-us/library/dn589797.aspx','Sharding Pattern [Microsoft]','ReferenceElementLink'),(172,'https://docs.mongodb.org/manual/tutorial/choose-a-shard-key/','Considerations for Selecting Shard Keys [MongoDB]','ReferenceElementLink'),(182,'http://stal.blogspot.ch/2006/12/architects-toolset-crc-cards.html','Architect\'s Toolset - CRC Cards [Michael Stal]','ReferenceElementLink'),(192,NULL,'Continuous Integration [Duvall, Matyas, Glove]','ReferenceElementLink'),(202,'http://www.vtt.fi/inf/pdf/publications/2003/P489.pdf','Use and integration of third-party components in software development [Leena Arhippainen]','ReferenceElementLink'),(212,'https://en.wikipedia.org/wiki/Integration_testing','Integration Testing [Wikipedia]','ReferenceElementLink'),(222,'https://www.owasp.org/index.php/Session_Management_Cheat_Sheet','Open Web Application Security Project - Session_Management_Cheat_Sheet','ReferenceElementLink'),(232,'https://msdn.microsoft.com/en-us/magazine/ff714590.aspx','Address Scalability Bottlenecks with Distributed Caching [Iqbal Khan, MSDN Magazine]','ReferenceElementLink'),(242,NULL,'Logical Layering','DecisionElementLink'),(252,'http://link.springer.com/chapter/10.1007/978-3-319-09970-5_18','ECSA 2014 paper on MT options','ReferenceElementLink'),(262,NULL,'Cloudability, Deployability','QASElementLink');
/*!40000 ALTER TABLE `modelelementlink` ENABLE KEYS */;
UNLOCK TABLES;

--
-- Table structure for table `permission`
--

DROP TABLE IF EXISTS `permission`;
/*!40101 SET @saved_cs_client     = @@character_set_client */;
/*!40101 SET character_set_client = utf8 */;
CREATE TABLE `permission` (
  `id` bigint(20) NOT NULL AUTO_INCREMENT,
  `function` varchar(255) DEFAULT NULL,
  `httpMethod` varchar(255) DEFAULT NULL,
  PRIMARY KEY (`id`)
) ENGINE=InnoDB AUTO_INCREMENT=43 DEFAULT CHARSET=latin1;
/*!40101 SET character_set_client = @saved_cs_client */;

--
-- Dumping data for table `permission`
--

LOCK TABLES `permission` WRITE;
/*!40000 ALTER TABLE `permission` DISABLE KEYS */;
INSERT INTO `permission` VALUES (1,'smell','POST'),(2,'smell','PUT'),(3,'smell','DELETE'),(4,'smellgroup','POST'),(5,'smellgroup','PUT'),(6,'smellgroup','DELETE'),(7,'property','POST'),(8,'property','PUT'),(9,'property','DELETE'),(10,'menu','POST'),(11,'menu','PUT'),(12,'menu','DELETE'),(13,'user','POST'),(14,'user','PUT'),(15,'user','DELETE'),(16,'changepw','PUT'),(17,'exectasktype','POST'),(18,'exectasktype','PUT'),(19,'exectasktype','DELETE'),(20,'discussion','POST'),(21,'discussion','PUT'),(22,'discussion','DELETE'),(23,'comment','POST'),(24,'comment','PUT'),(25,'comment','DELETE'),(26,'like','PUT'),(27,'avatar','POST'),(28,'usersearch','GET'),(29,'usersearch','POST'),(30,'usersearch','DELETE'),(31,'task','POST'),(32,'task','PUT'),(33,'task','DELETE'),(34,'modelelement','POST'),(35,'modelelement','PUT'),(36,'modelelement','DELETE'),(37,'ar','POST'),(38,'ar','PUT'),(39,'ar','DELETE'),(40,'arversion','POST'),(41,'arversion','PUT'),(42,'arversion','DELETE');
/*!40000 ALTER TABLE `permission` ENABLE KEYS */;
UNLOCK TABLES;

--
-- Table structure for table `property`
--

DROP TABLE IF EXISTS `property`;
/*!40101 SET @saved_cs_client     = @@character_set_client */;
/*!40101 SET character_set_client = utf8 */;
CREATE TABLE `property` (
  `id` bigint(20) NOT NULL AUTO_INCREMENT,
  `attribute` varchar(255) DEFAULT NULL,
  `categorie` varchar(255) DEFAULT NULL,
  `description` varchar(5000) DEFAULT NULL,
  `name` varchar(255) DEFAULT NULL,
  `orderidx` int(11) DEFAULT NULL,
  `language` varchar(255) DEFAULT NULL,
  PRIMARY KEY (`id`)
) ENGINE=InnoDB AUTO_INCREMENT=32 DEFAULT CHARSET=latin1;
/*!40101 SET character_set_client = @saved_cs_client */;

--
-- Dumping data for table `property`
--

LOCK TABLES `property` WRITE;
/*!40000 ALTER TABLE `property` DISABLE KEYS */;
INSERT INTO `property` VALUES (11,'arname','arform','<p>Maximum 50-60 characters which describe the Architectural Refactoring consise. Start with a strong and meaningful verb like improve, convert, distribute, etc.<br/></p>','Name',1,'en'),(12,'arcontext','arform','<p>Select 2-3 elements. At least one viewpoint and a refinement level.<br/></p>','Context',3,'en'),(13,'arqas','arform','<p>Select 2-5 quality attributes, which are addressed by the Architectural Refactoring.<br/></p>','Quality attributes',4,'en'),(14,'arsmells','arform','<p>Select/Create 1-3 Smells. The Smells are the symptoms of the problem which the Architectural Refactoring is aimed at to solve.<br/></p>','Smells',5,'en'),(15,'ardescription','arform','<p>Attach high importance to the description. It has to contain three sections in total around 2000 characters (ca. 300 words).</p><ul><li><b>Initial position</b><br/>2-4 pragraphs from which each should consist of 3-5 sentences. The first paragraph is an abstract description of the problem. The problem description has to address the before selected Quality attributes and state what the bad influence of the problem is. A second paragraph contains a concrete example.</li><li><b>Revised Design</b><br/>2-4 paragraphs with each 3-5 sentences. Explain the solution of the problem stated in the Initial position. Describe the changes which have to be performed to implement the Architectural Refactoring and how it is ensured that the problem does not occure anymore. Use 1-2 illustrating images and explain them in the text.</li><li><b>Pitfalls to avoid</b><br/>Is a bullet list with 2-4 bullets. Each bullet addresses a difficulty in the revised design and identifies technical risks. It has to be written as a best practice rule or a recommend action which has to be taken. It has to be formulated in imperative. E.g. &#34;Make sure that ...&#34;</li></ul>','Description',6,'en'),(16,'ardecisions','arform','<p>Select/Create 1-3 architectural decision(s) which might have been made formerly and now have to be revised during the implementation of the Architectural Refactoring.<br/></p>','Architectural decision(s)',7,'en'),(17,'arcomponents','arform','<p>Select/Create 1-3 components which will have to be adapted with the implementation of the Architectural Refactorings.<br/></p>','Affected components',8,'en'),(18,'artasks','arform','<p>Select/Create 6-10 Execution Tasks. The task must not be generic. They have to be concrete and specific. Use at least 3 Execution Tasks of the Execution-Task-Type &#34;Design&#34; and at least 1 of the types &#34;Documentation&#34;, &#34;Development&#34;/&#34;Integration Task&#34;, &#34;Test&#34;.<br/></p>','Tasks',9,'en'),(19,'arreferences','arform','<p>Select/Create 3-5 references. Can be a book, an article, a report or an internet reference where additional information for the Architectural Refactoring can be found.<br/></p>','Reference (links)',10,'en'),(20,'arstatus','arform','<ul><li><b>draft: </b>Work by the initial AR-Editor is still in progress or is in progress again after a review.</li><li><b>in Review:</b> The initial AR-Editor is requesting a review for his work performed.</li><li><b>accepted:</b> A second AR-Editor accepts the content of the Architectural Refactoring.</li><li><b>published:</b> The originator of the Architectural Refactoring publishes the Architectural Refactoring after it has been accepted by another AR-Editor.</li><li><b>deprecated:</b> Is a logical delete of the Architectural Refactoring. E.g. if it has been replaced by another AR (not ARVersion) or is no longer relevant.</li><li><b>(unspecified):</b> Only to be used for an unforeseen state of the Architectural Refactoring.</li></ul>','Status',2,'en'),(22,'propz','arform','<p>aaa<br/></p>','p1',11,'en');
/*!40000 ALTER TABLE `property` ENABLE KEYS */;
UNLOCK TABLES;

--
-- Table structure for table `question`
--

DROP TABLE IF EXISTS `question`;
/*!40101 SET @saved_cs_client     = @@character_set_client */;
/*!40101 SET character_set_client = utf8 */;
CREATE TABLE `question` (
  `id` bigint(20) NOT NULL AUTO_INCREMENT,
  `question` varchar(255) DEFAULT NULL,
  `smell_id` bigint(20) NOT NULL,
  PRIMARY KEY (`id`),
  KEY `FK_otp61ctddtdd511i1t4t2imt3` (`smell_id`),
  CONSTRAINT `FK_otp61ctddtdd511i1t4t2imt3` FOREIGN KEY (`smell_id`) REFERENCES `smell` (`id`)
) ENGINE=InnoDB AUTO_INCREMENT=202 DEFAULT CHARSET=latin1;
/*!40101 SET character_set_client = @saved_cs_client */;

--
-- Dumping data for table `question`
--

LOCK TABLES `question` WRITE;
/*!40000 ALTER TABLE `question` DISABLE KEYS */;
INSERT INTO `question` VALUES (36,'Are you reaching the limit of your session state storage?',25),(37,'Does your session state contain sensitive session data?',26),(39,'Is it difficult to implement changes for an interface?',27),(42,'Are the response times of your application not constant?',24),(44,'Do any components expose multiple service responsibilities that are not closely related to each other?',31),(45,'Does any component violate the architectural principle of high cohesion/low coupling?',31),(47,'Do different components have different data access implementations?',32),(48,'Do you have difficulties replacing an underlying data storage?',32),(49,'Does your software system or even a component collect its data from many different data sources?',33),(50,'Does the migration of a data store require changes in a lot of components?',32),(53,'Does your application have many different communication interfaces?',37),(54,'Is your implementation missing patterns that promote architectural principles such as seperation of concerns or loose coupling?',36),(57,'Does your software system have high costs for third party licenses?',41),(58,'Is your system difficult to maintain due to the use of many middleware components?',42),(60,'Are the processing times of an application to high (for one unit of work)?',43),(61,'Is your software system not able to process multiple requests in a proper amount of time?',44),(62,'Is your software system not able to process multiple requests in parallel?',44),(63,'Is your application to slow but the used hardware is not maxed out?',45),(64,'Is only one core of your multicore system maxed out by your application?',45),(65,'Is your application not able to catch up with the amount of work requests?',46),(66,'Does your system have computationally intensive unit of works?',47),(67,'Are your hardware costs to high?',48),(68,'Is a component to old to be compatible with other newer components?',49),(69,'Is a third party product which you use faulty?',50),(70,'Are some threads or processes blocking other threads/processes?',51),(71,'Is it difficult to map the old data model to the new data model (data migration)?',18),(72,'Is the work load respectively the amount of requests not well balanced between existing application instances?',40),(74,'Does a change in a component imply a change in one or many other compnent(s)?',35),(75,'Does a problem in a component have effect in one or many other component(s)?',35),(76,'Do you have difficulties to replace an interface component?',35),(77,'Is one component in your system strongly dependent from an other?',35),(78,'Is your application communicating with a lot of other components using many different interfaces?',38),(79,'Do you have a problem with maintaining many different interfaces?',38),(80,'Do you have an analytical data processing system which is performing badly?',53),(82,'Are the response times of your application constant but too high?',28),(83,'Do you have difficulties to simulate an interface while testing an application?',54),(85,'Does your application process a lot of transactions and does not perform well?',55),(86,'Are concurrent database accesses blocking your application?',51),(87,'Would you like to provide your users PDF documents with current information?',56),(88,'Are you bound to costly third party license costs?',57),(90,'Does your web-application run in a standalone web application process which does not scale well?',58),(92,'Is your application designed for a single set of users all belonging to the same organization?',62),(102,'Does your application violate cloud definition elements (e.g.no resource pooling) and/or IDEAL cloud application characteristics?',62),(112,'Does a component or a part of your software system impair the whole system?',39),(122,'Do interface partners have problems programming against your interface?',27),(132,'Is modul testing of an application difficult?',54),(142,'Is it difficult to determine the root production problem due to the use of many middleware components?',42),(152,'Does any component violate the \"Single Responsibility\" rule?',31),(162,'Does your application not scale well for a high volume of requests?',24),(172,'Are aggregation and table scan queries performing badly?',53),(182,'Do database queries in your system have high latency?',52),(192,'Is your system strongly dependent on a third party product?',57);
/*!40000 ALTER TABLE `question` ENABLE KEYS */;
UNLOCK TABLES;

--
-- Table structure for table `role`
--

DROP TABLE IF EXISTS `role`;
/*!40101 SET @saved_cs_client     = @@character_set_client */;
/*!40101 SET character_set_client = utf8 */;
CREATE TABLE `role` (
  `id` bigint(20) NOT NULL AUTO_INCREMENT,
  `description` varchar(255) DEFAULT NULL,
  `name` varchar(255) DEFAULT NULL,
  PRIMARY KEY (`id`)
) ENGINE=InnoDB AUTO_INCREMENT=5 DEFAULT CHARSET=latin1;
/*!40101 SET character_set_client = @saved_cs_client */;

--
-- Dumping data for table `role`
--

LOCK TABLES `role` WRITE;
/*!40000 ALTER TABLE `role` DISABLE KEYS */;
INSERT INTO `role` VALUES (1,'ART Administrator','Admin'),(2,'Architecture Expert entering architectural refactorings into the ART.','Editor'),(3,'Searchs for architectural refactorings base on smells.','Applier'),(4,'Non Login User with only read rights.','nonLogin');
/*!40000 ALTER TABLE `role` ENABLE KEYS */;
UNLOCK TABLES;

--
-- Table structure for table `role_permission`
--

DROP TABLE IF EXISTS `role_permission`;
/*!40101 SET @saved_cs_client     = @@character_set_client */;
/*!40101 SET character_set_client = utf8 */;
CREATE TABLE `role_permission` (
  `Role_id` bigint(20) NOT NULL,
  `permissions_id` bigint(20) NOT NULL,
  KEY `FK_ibnjcmfkplwwcrpbh0sdgdwq1` (`permissions_id`),
  KEY `FK_akd8skuq4c17sbdhpa9yvrhgo` (`Role_id`),
  CONSTRAINT `FK_akd8skuq4c17sbdhpa9yvrhgo` FOREIGN KEY (`Role_id`) REFERENCES `role` (`id`),
  CONSTRAINT `FK_ibnjcmfkplwwcrpbh0sdgdwq1` FOREIGN KEY (`permissions_id`) REFERENCES `permission` (`id`)
) ENGINE=InnoDB DEFAULT CHARSET=latin1;
/*!40101 SET character_set_client = @saved_cs_client */;

--
-- Dumping data for table `role_permission`
--

LOCK TABLES `role_permission` WRITE;
/*!40000 ALTER TABLE `role_permission` DISABLE KEYS */;
INSERT INTO `role_permission` VALUES (1,1),(1,2),(1,3),(1,4),(1,5),(1,6),(1,7),(1,8),(1,9),(1,10),(1,11),(1,12),(1,13),(1,14),(1,15),(1,16),(1,17),(1,18),(1,19),(1,20),(1,21),(1,22),(1,23),(1,24),(1,25),(1,26),(1,27),(1,28),(1,29),(1,30),(1,31),(1,32),(1,33),(1,34),(1,35),(1,36),(1,37),(1,38),(1,39),(1,40),(1,41),(1,42),(2,1),(2,2),(2,14),(2,16),(2,17),(2,18),(2,19),(2,23),(2,24),(2,25),(2,26),(2,27),(2,28),(2,29),(2,30),(2,31),(2,32),(2,33),(1,34),(1,35),(1,37),(1,38),(1,40),(1,41),(3,23),(3,24),(3,25),(3,26),(3,27),(3,28),(3,29),(3,30);
/*!40000 ALTER TABLE `role_permission` ENABLE KEYS */;
UNLOCK TABLES;

--
-- Table structure for table `smell`
--

DROP TABLE IF EXISTS `smell`;
/*!40101 SET @saved_cs_client     = @@character_set_client */;
/*!40101 SET character_set_client = utf8 */;
CREATE TABLE `smell` (
  `id` bigint(20) NOT NULL AUTO_INCREMENT,
  `created` datetime DEFAULT NULL,
  `description` longtext,
  `keywords` varchar(255) DEFAULT NULL,
  `modified` datetime DEFAULT NULL,
  `name` varchar(255) DEFAULT NULL,
  `status` varchar(255) DEFAULT NULL,
  `tecdebtidx` varchar(255) DEFAULT NULL,
  `weight` int(11) DEFAULT NULL,
  `group_id` bigint(20) DEFAULT NULL,
  PRIMARY KEY (`id`),
  KEY `FK_b5xcqtaig9nmfrc7h6ihmqnyf` (`group_id`),
  CONSTRAINT `FK_b5xcqtaig9nmfrc7h6ihmqnyf` FOREIGN KEY (`group_id`) REFERENCES `smellgroup` (`id`)
) ENGINE=InnoDB AUTO_INCREMENT=72 DEFAULT CHARSET=latin1;
/*!40101 SET character_set_client = @saved_cs_client */;

--
-- Dumping data for table `smell`
--

LOCK TABLES `smell` WRITE;
/*!40000 ALTER TABLE `smell` DISABLE KEYS */;
INSERT INTO `smell` VALUES (18,'2015-05-26 13:31:07','<p>It takes rather long to migrate existing data after an update to the data model (database schema).<br/></p>','Database, flexibility','2016-02-03 09:22:03','Data migration problems','published','hm',0,2),(24,'2015-08-19 18:04:02','<p>An application is not able to react on variable requests or work load and therefore has high latency during peak times.</p>','scalability,performance,high volume of requests','2016-02-03 09:25:34','Scalability issue','published','hm',6,2),(25,'2015-09-29 14:20:39','<p><span>Your</span> application requires a lot of session attributes. The amount of attributes reaches the limit of the session store (e.g. a client side cookie (4093 Bytes)).</p>','session, state, attributes','2016-02-03 09:14:35','Large amount of session attributes','published','mh',1,1),(26,'2015-09-29 16:23:08','<p>Your application stores sensitive data in the session, which can be a significant security issue. Depending on whether or not the session is hold (or its data is transferred) on the client side.</p>','sensitive session data, security issue','2016-02-03 09:27:08','Sensitive session data','published','hh',1,4),(27,'2015-10-14 06:58:46','<p>Is it the case that a component has a complex interface to another component which makes changes difficult and makes it difficult for interface partners to program against it.</p>','soap,rest,complexity,interface','2016-02-03 09:00:58','Complex interface','published','hm',2,2),(28,'2015-10-14 07:28:24','<p>General performance loss. Means not only at peak times.</p>','performance loss','2016-01-06 11:17:34','Performance loss','published','hm',2,1),(31,'2015-11-03 09:57:49','<p><abbr>The component violates good OOAD and <abbr title=\"Component-Based Software Engineering\">CBSE</abbr> practices, e.g. single responsibility (see video: <a href=\"https://www.youtube.com/watch?v=BD9VaTiLMpM\" target=\"_blank\">https://www.youtube.com/watch?v=BD9VaTiLMpM</a>).</abbr></p>','Cohesion, Coupling, Single Responsibility','2016-02-03 09:19:13','Large number of component responsbilities and collaborations','published','mh',2,7),(32,'2015-11-04 09:27:05','<p>In a steady growing software system, different components most probably have different data access implementations.</p>','data access, dao','2015-12-09 09:13:01','Different data access implementations','published','hm',1,7),(33,'2015-11-04 09:36:48','<p>A software system or a single component collects its data from many data sources. E.g. different databases.</p>','data access, data store, data source','2015-12-09 09:13:20','Many different data sources','published','hm',1,2),(35,'2015-11-11 09:04:56','<p>It is the case that a component has a strong dependency to one or many other component(s). This can cause the problem, that changes or extinctions in one component have an unnecessary effect other components.</p>','tight coupling, strong dependency','2016-02-03 09:42:09','Unnecessary tight coupling','published','mm',4,3),(36,'2015-11-11 09:30:20','<p>Loose coupling has the following autonomy dimensions: platform autonomy, reference autonomy, time autonomy and Format (see book: Cloud Computing Patterns, Fehling).</p>','architecture principles, missing patterns','2016-02-03 09:54:31','Violation of architectural principles','published','mm',1,5),(37,'2015-11-11 09:32:21','<p>Is it the case that your application has many different interfaces to communicate with many other components.</p>','interfaces, communication channels','2016-01-05 08:28:58','Many communication channels','published','mm',1,2),(38,'2015-11-11 11:02:33','<p>It is the case that your application is communicating with a lot of other components using many different interfaces and maintaining them is complex.</p>','interfaces, complexity','2016-01-05 12:56:21','Many different interfaces','published','mm',1,2),(39,'2015-11-26 21:53:15','<p>If multiple components or system parts are running on the same hardware or even on separate hardware, one part can impair the rest of the system.</p>','bottleneck','2016-02-03 08:58:57','Bottleneck component','published','hh',3,1),(40,'2015-11-27 00:00:33','<p>A load balancer does not exist or is not working properly, which causes an imbalance of load to the available application instances.</p>','load balancing','2015-12-09 09:22:53','Uneven load balancing','published','mm',1,1),(41,'2015-12-06 22:44:17','<p>It is the case that you have too high costs for third party software in your system.</p>','costs,license','2016-02-03 09:10:20','High licenses costs','published','ll',1,1),(42,'2015-12-06 22:57:38','<p>Your system uses many middleware components which makes it difficult to configure, maintain and operate.</p>','complexity,middleware','2016-02-03 09:11:29','High system complexity due to excessive middleware usage','published','mm',2,2),(43,'2015-12-06 23:59:24','<p>The performance of your application has decreased or does not measure up to your expectations. </p>','poor performance','2015-12-09 09:15:33','Poor application performance','published','hm',1,1),(44,'2015-12-07 08:03:46','<p>An application or a whole software system is not able to fulfill multiple requests in a desired timeframe or is not able to process them in parallel.</p>','response times,latency,concurrent requests','2016-02-03 09:31:01','Slow response times for concurrent requests (latency)','published','hm',1,1),(45,'2015-12-07 08:10:47','<p>You have a strong hardware system (e.g. multicore system) but your application is still running slow and the capacity of your hardware is not fully utilized.</p>','hardware,bottleneck','2015-12-09 09:15:57','Hardware capabilities not maxed out (bottleneck)','published','mm',1,1),(46,'2015-12-07 08:15:42','<p>There are coming in more work requests than your system can process (maybe only in peek times as well as permanently).</p>','queuing','2016-02-03 09:36:31','Undesired queuing of incoming work requests','published','hm',1,1),(47,'2015-12-07 09:09:58','<p>You have large unit of works which need a lot of cpu power and are not parallelized (e.g. rendering processes).</p>','lack of performance,single thread','2016-02-03 09:12:27','Lack of performance with computationally intensive, single threaded applications','published','hm',1,1),(48,'2015-12-07 09:12:08','<p>The costs for your systems hardware are to high.</p>','costs,hardware','2016-01-07 18:36:56','High hardware costs','published','ll',1,1),(49,'2015-12-07 09:45:03','<p>It is the case that a component you use, is depending on old technology (e.g. interfaces, frameworks) which is not supported by newer components in your system anymore.</p>','compatibility','2016-02-03 09:32:25','Software compatibility not given anymore','published','hh',1,7),(50,'2015-12-07 09:50:44','<p>A third party software is faulty and has to be replaced with a bugfix version.</p>','misbehaviour,third party software,buggy','2015-12-07 09:50:44','Misbehaving third party software (buggy)','draft','hh',1,1),(51,'2015-12-07 10:28:21','<p>Is your application being locked due to concurrent operations. E.g. concurrent data access or two processes trying to call a critical (synchronized) program section.</p>','deadlocks,locking','2016-02-03 09:20:29','Locks/Deadlocks','published','hh',1,1),(52,'2016-01-06 08:37:07','<p>It is the case that your database queries have slow response times.</p>','slow queries, database','2016-02-03 09:30:14','Slow database query response times','published','mh',1,1),(53,'2016-01-06 09:55:03','<p>It is the case that analytical data queries (aggregations and table scans) are performing badly.</p>','analytical data processing, slow','2016-02-03 09:28:53','Slow analytical data processing','published','mh',1,1),(54,'2016-01-06 13:07:47','<p>It is hard to test a component due the difficulty to simulate an interface.</p>','interface simulation, modul testing','2016-02-03 09:03:18','Difficulty to simulate interface (testing)','published','mm',1,7),(55,'2016-01-06 16:53:43','<p>It is the case that an application can not keep up with a high transaction volume.</p>','low transaction, throughput','2016-01-06 17:00:03','Low transaction throughput','published','hm',1,1),(56,'2016-01-07 09:48:59','<p>Is your web application missing a function to provide PDF documents with current information.</p>','online formatting,functionality','2016-02-03 09:23:24','Missing online formatting functionality','published','ll',1,9),(57,'2016-01-07 16:14:46','<p>Is your system dependent on a third party product. </p>','third party vendor, dependency','2016-02-03 09:35:39','Third party vendor dependency','published','hm',1,3),(58,'2016-01-10 17:48:49','<p>Your web application server process is using a lightweight server framework (e.g. Netty) which does not perform well due to the increase of traffic in your system. </p>','web-application, standalone, scalability','2016-02-03 09:35:12','Standalone web-application does not scale well','published','hm',1,1),(62,'2016-01-29 10:25:46','<p>See this blog post for definition of ST vs. MT: <a href=\"https://en.wikipedia.org/wiki/Multitenancy\" target=\"_blank\">https://en.wikipedia.org/wiki/Multitenancy</a><br/></p>','Cloud Computing','2016-02-03 09:27:55','Single tenancy design','draft','hh',1,8);
/*!40000 ALTER TABLE `smell` ENABLE KEYS */;
UNLOCK TABLES;

--
-- Table structure for table `smellgroup`
--

DROP TABLE IF EXISTS `smellgroup`;
/*!40101 SET @saved_cs_client     = @@character_set_client */;
/*!40101 SET character_set_client = utf8 */;
CREATE TABLE `smellgroup` (
  `id` bigint(20) NOT NULL AUTO_INCREMENT,
  `description` varchar(255) DEFAULT NULL,
  `name` varchar(255) DEFAULT NULL,
  PRIMARY KEY (`id`)
) ENGINE=InnoDB AUTO_INCREMENT=10 DEFAULT CHARSET=latin1;
/*!40101 SET character_set_client = @saved_cs_client */;

--
-- Dumping data for table `smellgroup`
--

LOCK TABLES `smellgroup` WRITE;
/*!40000 ALTER TABLE `smellgroup` DISABLE KEYS */;
INSERT INTO `smellgroup` VALUES (1,'https://en.wikipedia.org/wiki/Computer_performance','Performance'),(2,'https://en.wikipedia.org/wiki/Complexity','Complexity'),(3,'https://en.wikipedia.org/wiki/Coupling_(computer_programming)','Dependency'),(4,'https://en.wikipedia.org/wiki/Computer_security','Security'),(5,'https://en.wikipedia.org/wiki/De_facto_standard','Standards'),(7,'https://en.wikipedia.org/wiki/Maintainability','Maintainability'),(8,'Cost, effort and so on.','Affordability'),(9,'https://en.wikipedia.org/wiki/Functional_requirement','Functionality');
/*!40000 ALTER TABLE `smellgroup` ENABLE KEYS */;
UNLOCK TABLES;

--
-- Table structure for table `taskproperty`
--

DROP TABLE IF EXISTS `taskproperty`;
/*!40101 SET @saved_cs_client     = @@character_set_client */;
/*!40101 SET character_set_client = utf8 */;
CREATE TABLE `taskproperty` (
  `id` bigint(20) NOT NULL AUTO_INCREMENT,
  `value` longtext,
  `property_id` bigint(20) DEFAULT NULL,
  `tasktemplate_id` bigint(20) DEFAULT NULL,
  PRIMARY KEY (`id`),
  KEY `FK_qi5jb7uamdad0xgm1ryl1tnyt` (`property_id`),
  KEY `FK_nd6owxx92onfi9rmy9y0bpjck` (`tasktemplate_id`),
  CONSTRAINT `FK_nd6owxx92onfi9rmy9y0bpjck` FOREIGN KEY (`tasktemplate_id`) REFERENCES `tasktemplate` (`id`),
  CONSTRAINT `FK_qi5jb7uamdad0xgm1ryl1tnyt` FOREIGN KEY (`property_id`) REFERENCES `taskpropertytype` (`id`)
) ENGINE=InnoDB AUTO_INCREMENT=532 DEFAULT CHARSET=latin1;
/*!40101 SET character_set_client = @saved_cs_client */;

--
-- Dumping data for table `taskproperty`
--

LOCK TABLES `taskproperty` WRITE;
/*!40000 ALTER TABLE `taskproperty` DISABLE KEYS */;
INSERT INTO `taskproperty` VALUES (4,'Communication Task',8,2),(5,'medium',10,2),(6,'10h',12,2),(7,'Development Task',8,3),(8,'medium',10,3),(9,'10h',12,3),(10,'Development Task',8,4),(11,'medium',10,4),(12,'1h',12,4),(16,'Testing Task',8,6),(19,'Integration Task',8,7),(20,'high',10,7),(21,'8h',12,7),(22,'Commercial Task',8,8),(23,'high',10,8),(24,'40h',12,8),(25,'Measurement Task',8,9),(26,'medium',10,9),(27,'3h',12,9),(28,'Design Task',8,10),(29,'medium',10,10),(30,'1h',12,10),(34,'qwq',12,16),(35,'<p>See <a href=\"http://epf.eclipse.org/wikis/openup/\">OpenUP</a><br/></p>',9,16),(36,'Analysis Task',8,17),(37,'<p>Analyse the current implementation, which attributes are saved in the client side cookie.&#160;</p>',9,17),(40,'Decision Task',8,20),(45,'Design Task',8,22),(46,'<ul><li>Compare a list of the current attributes and with a list of the future attributes.</li><li>Search for the affected program parts</li><li>Create a data migration mapping</li></ul>',9,22),(47,'Development Task',8,23),(48,'Software Engineer',7,23),(49,'<p>Instead of using an XML mapping library like JAXB, use an JSON mapping library.</p>',9,23),(50,'Softwarearchitect / Designer',7,24),(51,'Design Task',8,24),(52,'<p>Update the description of the interface which will be used by interface application as guidance how to program against the interface.</p>',9,24),(53,'Software architect',7,28),(54,'Architectural Decision Task',8,28),(55,'Developer',7,29),(56,'Development Task',8,29),(57,'Developer',7,30),(58,'Development Task',8,30),(59,'Software architect',7,31),(62,'Software integrator',7,33),(63,'Integration Task',8,33),(64,'<p>The software architecture document (SAD) is theoretically an artifact described in the software engineering process <abbr title=\"Rational Unified Process\">RUP</abbr> from IBM. This task is not a specific RUP task. Every software engineering process should have some document describing the architecture in place or to-be in place.</p><p>Description of the SAD in RUP:</p><p>&#34;The Software Architecture Document provides a comprehensive architectural overview of the system, using a number of different architectural views to depict different aspects of the system.&#34;<br/></p>',9,31),(65,'Developer',7,34),(66,'Development Task',8,34),(67,'Software integrator',7,35),(68,'Integration Task',8,35),(69,'<p>Move a software component from an existing server to another.</p>',9,35),(70,'Software integrator',7,36),(71,'Integration Task',8,36),(72,'<p>E.g. change the connectivity configuration of a message queue.</p><p>Or change target address of a <abbr title=\"Domain Name System\">DNS</abbr>-alias.</p>',9,36),(73,'Softwarearchitect',7,37),(74,'Analysis Task',8,37),(75,'<p>Due to the change of a central component, framework or technology in a software system, the whole or a part of the system should be taken under a security architecture review (depending on the confidentiality level of the system).</p>',9,37),(76,'Sofwarearchitect',7,38),(77,'Analysis Task',8,38),(78,'<p>If an application server is about to be disposed, it has to be considered that an in-built scalability function (e.g. a thread-pool) may be missing.</p>',9,38),(79,'Softwarearchitect',7,39),(80,'Analysis Task',8,39),(81,'<p>Application servers provide frameworks for transaction management. If an application server is disposed an own transaction management or another framework has to be used.</p>',9,39),(82,'Softwarearchitect',7,40),(83,'Analysis Task',8,40),(84,'<p>The consequences of a replacement of a logging framework (may it be built within an application server or not) have to be assessed.</p>',9,40),(85,'Softwarearchitect',7,41),(86,'Analysis Task',8,41),(87,'Software developer',7,42),(88,'Development Task',8,42),(89,'Software tester',7,43),(90,'Testing Task',8,43),(91,'Softwarearchitect',7,44),(92,'Analysis Task',8,44),(93,'<p>Determine what the current concurrency level of your software is. Determine the capable concurrency level of your hardware system. Evaluate the necessary concurrency level of your new system requirements.</p>',9,44),(94,'Software developer',7,45),(95,'Analysis Task',8,45),(96,'<p>Do a code review of your software to determine possible locking code parts (if run in parallel).</p>',9,45),(97,'Software designer',7,46),(98,'Design Task',8,46),(99,'<p>Adjust your systems design to the new threading behaviour. Evaluate the necessary changes on software and hardware level.</p>',9,46),(100,'Software developer',7,47),(101,'Decision Task',8,47),(102,'<p>Consult literature about parallel programming patterns. Massively parallel processing (MPP) is a science in itself.</p>',9,47),(103,'Software developer',7,48),(104,'<p>Implement a threadpool or use a threadpool provided by a framework, application server, etc.</p>',9,48),(105,'Development Task',8,48),(106,'Software tester',7,49),(107,'Testing Task',8,49),(108,'<p>For a Webapplication this would mean to access the application with the maximum amount of users to test the systems limit.</p>',9,49),(109,'Software tester',7,50),(110,'Testing Task',8,50),(111,'<p>Test the response times of your system under normal circumstances. Normale amount of users respectively expected amount of work requests.</p>',9,50),(112,'Procurement',7,51),(113,'Commercial Task',8,51),(114,'<p>Buy the necessary new hardware.</p>',9,51),(115,'Hardware administrator / Software integrator',7,52),(116,'<p>Install the new operating system on the new hardware.</p>',9,52),(117,'Systemmanagement Task',8,52),(118,'Software integrator',7,53),(119,'Integration Task',8,53),(120,'<p>The new x86 systems have to be equipped with the x86 versions of the middleware software.</p>',9,53),(121,'Software developer',7,54),(122,'Development Task',8,54),(123,'<p>Several changes might be necessary to port your software to the new hardware.</p><ul><li>Recompile</li><li>Change of system commands</li><li>Threading behaviour</li><li>Change of interfaces</li><li>etc.</li></ul>',9,54),(124,'Software integrator',7,55),(125,'<p>DNS-Alias changes</p><p>MQ Connection changes</p><p>etc.</p>',9,55),(126,'Integration Task',8,55),(127,'Software architect',7,56),(128,'Analysis Task',8,56),(129,'<p>Evaluate the technologies and interfaces used in the new version/product and review the compatibility to existing components.</p>',9,56),(130,'Software architect',7,57),(131,'Analysis Task',8,57),(132,'<p>Examine the technologies and interfaces used in the new software version/product to make sure those are not already outdated. And it supports future changes in the system.</p>',9,57),(133,'Software integrator',7,58),(134,'Integration Task',8,58),(135,'<p>Create a software installation package which can be deployed to test and production systems. Examples are:</p><ul><li>MSI packages for windows</li><li>RPM packages for Linux</li><li>etc.</li></ul>',9,58),(136,'Measurement Task',8,59),(138,'Software developer',7,60),(139,'Development Task',8,60),(140,'Software tester',7,61),(141,'Testing Task',8,61),(142,'Documentation Task',8,31),(143,'Softwarearchitect',7,62),(144,'Architectural Decision Task',8,62),(145,'<p>E.g. when using a message bus for the communication between different components a standardized serialization format for message has to be choosen. For example XML, JSON.</p>',9,62),(146,'<p>Integration of third party message oriented middleware.</p>',9,33),(147,'Softwarearchitect',7,63),(148,'Analysis Task',8,63),(149,'<p>Introducing a message broker at the place of a former direct communication channel may have an impact on the performance of an application which has to be considered.</p>',9,63),(150,'Projectmanager',7,64),(151,'Analysis Task',8,64),(152,'<p>If hardware is added to a system, there will be higher maintenance and support costs which have to be considered.</p>',9,64),(153,'Software integrator',7,65),(154,'Integration Task',8,65),(155,'<p>To allow optimal scalability and resilience of a newly added tier, a load balancer has to be put in place.</p>',9,65),(156,'Softwarearchitect',7,66),(157,'Design Task',8,66),(158,'<p>You have to decide how many tiers you\'d like to have and which component will be placed on which tier.</p>',9,66),(159,'<p>You have to decide which data source you will use.</p>',9,28),(163,'<p>The current data access code has to be removed from the existing components.<br/></p>',9,29),(164,'<p>Program the logic to access the data storage. Use common patterns such as <abbr title=\"Data Access Objects\">DAOs</abbr>.</p>',9,30),(165,'Software architect',7,32),(166,'Design Task',8,32),(167,'<p>Create the new component in the inventory database of your company.</p>',9,32),(168,'Software architect',7,67),(169,'Documentation Task',8,67),(170,'<p>Illustrate in a diagram how the session store is place in your system.</p>',9,67),(171,'Software integrator',7,68),(172,'Integration Task',8,68),(173,'<p>Install and configure the new session storage.</p>',9,68),(174,'<p>Implement own start/stop mechanisms or use a standalone framework.</p>',9,42),(175,'<p>If you extract an application out of an application server you might create direct dependencies to other components.</p>',9,41),(176,'<p>Execute the regression test set.</p>',9,43),(177,'Software architect',7,69),(178,'Analysis Task',8,69),(179,'<p>Analyse what the main goal of your data processing is. Are there many small transactions (<abbr title=\"Online Transaction Processing\">OLTP</abbr>) or large tables scans for <abbr title=\"Online Analytical Processing\">OLAP</abbr>?</p>',9,69),(180,'System administrator',7,70),(181,'Admin Task',8,70),(182,'<p>The data for the analytical data processing has to be moved periodically from the online transactional tables to the columnar tables for the analytical data processing.</p>',9,70),(183,'Software architect',7,71),(184,'Decision Task',8,71),(185,'<p>Evaluate a columnar data store.</p>',9,71),(186,'Software integrator',7,72),(187,'Integration Task',8,72),(188,'<p>Integrate new data storage in the existing system.</p>',9,72),(189,'Software architect',7,73),(190,'Documentation Task',8,73),(191,'<p>Create a data migration plan.</p>',9,73),(192,'Procurement',7,74),(193,'Commercial Task',8,74),(194,'<p>The procurement has to purchase the new data store.</p>',9,74),(195,'Software architect',7,75),(196,'Analysis Task',8,75),(197,'<p>Analyse your system and its components. Determine which components are not scaling well and act as a bottleneck.</p>',9,75),(198,'Software tester',7,76),(199,'Testing Task',8,76),(200,'<p>Execute a mass test to evaluate the limits of a system.</p>',9,76),(201,'Software integrator',7,77),(202,'Integration Task',8,77),(203,'<p>Put new servers, load balancers and other components in place.</p>',9,77),(204,'Software architect',7,78),(205,'Architectural Decision Task',8,78),(206,'<p>Choose which scalability patterns you would like to implement to improve your system.</p>',9,78),(207,'Software developer',7,79),(208,'Development Task',8,79),(209,'<p>Replace the use of concrete classes and replace them with interfaces. Than setup the configuration to inject the concrete classes at the points where you have put the interfaces in place.</p>',9,79),(210,'Software engineer',7,80),(211,'<p>Create unit testcases and mockup objects which you can then inject with the dependency injection framework in a test run.</p>',9,80),(212,'Development Task',8,80),(213,'Software architect',7,81),(214,'Decision Task',8,81),(215,'<p>Evaluate dependency injection framework.</p>',9,81),(216,'Software architect',7,82),(217,'Leadership Task',8,82),(218,'<p>Decide which development method is best for your developers to support unit testing.</p>',9,82),(219,'Software engineer',7,83),(220,'Documentation Task',8,83),(221,'<p>Document the dependency injection coherence.</p>',9,83),(222,'Software architect',7,84),(223,'Decision Task',8,84),(224,'System administrator',7,11),(225,'ITIL Task',8,11),(226,'<p>Order necessary hardware for new components.</p>',9,11),(227,'Software tester',7,6),(228,'<p>Execute integration test, which means test your component in combination with other components in the system.</p>',9,6),(229,'System administrator',7,85),(230,'Testing Task',8,85),(231,'<p>Test if the systems resilience is working as expected.</p>',9,85),(232,'Software integrator',7,86),(233,'Integration Task',8,86),(234,'<p>Create new instances of your application by deploying it to additional servers and clusters.</p>',9,86),(235,'Software architect',7,87),(236,'Architectural Decision Task',8,87),(237,'<p>Evaluate if you either want to use client session, sticky server session or a distributed session. </p>',9,87),(238,'Software architect',7,88),(239,'Architectural Decision Task',8,88),(240,'<p>Decide whether to use Round-Robin, time triggered or other load balancing strategy.</p>',9,88),(241,'Software integrator',7,89),(242,'Documentation Task',8,89),(243,'<p>Create a plan how and where you will install your application and its instances.</p>',9,89),(244,'Document Layouter',7,90),(245,'Development Task',8,90),(246,'<p>Create the stylesheet instruction which will generate a document out of the XML input data.</p>',9,90),(247,'Software architect',7,91),(248,'Decision Task',8,91),(249,'<p>Choose between different XML Transformation libraries such as Apache Xalan or Saxon.</p>',9,91),(250,'Software architect',7,92),(251,'Decision Task',8,92),(252,'<p>Evaluate which XSL-FO rendering engine you would like to use and suits the best. There are different products available: Apache FOP (open source) or commercial products such as Compart DocBridgeMill, Antenna House Formatter, etc.</p>',9,92),(253,'Project manager',7,93),(254,'Leadership Task',8,93),(255,'<p>Document layouting requires specific development knowledge which might have to be acquired in-house or commissioned externally.</p>',9,93),(256,'Software architect',7,17),(257,'Software architect',7,20),(258,'<p>Evaluate which storage to use for the session state (database, in-memory cache, client cookie),</p>',9,20),(259,'Software architect',7,22),(260,'Software engineer',7,94),(261,'Development Task',8,94),(262,'<p>The connection to the new session storage has to be implemented or configured (e.g. implicit configuration of application server).</p>',9,94),(263,'Software architect',7,95),(264,'Design Task',8,95),(265,'<p>Make a plan how your software system should evolve in the future. Create a component and feature catalog.</p>',9,95),(266,'Software architect',7,96),(267,'Decision Task',8,96),(268,'<p>Find a suitable REST service framework for your needs.</p>',9,96),(269,'Software engineer',7,97),(270,'Development Task',8,97),(271,'<p>Change the applications which are affected by the interface change.</p>',9,97),(272,'Software engineer',7,98),(273,'Development Task',8,98),(274,'<p>Commit your source to a git repository. For example <a href=\"http://github.com\" target=\"_blank\">http://github.com</a>.</p>',9,98),(275,'Software integrator',7,99),(276,'Admin Task',8,99),(277,'<p>Make sure you already have a Heroku Cloud account or you create one.</p>',9,99),(278,'Software integrator',7,100),(279,'Admin Task',8,100),(280,'<p>Create an application to witch you later can commit your sources.</p>',9,100),(281,'Software engineer',7,101),(282,'Integration Task',8,101),(283,'<p>Add Heroko git-url as a remote repository for your local git repository.<br/></p>',9,101),(284,'Software integrator',7,102),(285,'Integration Task',8,102),(286,'<p>Do a &#34;git push heroku master&#34; to commit and install your application to the Heroku Cloud.</p>',9,102),(287,'Software integrator',7,103),(288,'Integration Task',8,103),(289,'<p>If you need to use a Database in the Heroku Cloud you will have to add the Database element in your Heroku app. There are different Databases available in Heroku. For example the ClearDB which is a MySQL Cloud implementation.</p>',9,103),(290,'Software architect',7,104),(291,'Design Task',8,104),(292,'<p>It might be necessary to change some Design decisions to make your application best suitable for the Cloud. For example the session state pattern (client, server or database).</p>',9,104),(293,'Software integrator',7,25),(294,'Systemmanagement Task',8,25),(295,'<p>Create a new component in your inventory database and setup all dependencies.</p>',9,25),(296,'Architectural Decision Task',8,26),(297,'Software architect',7,26),(298,'<p>Decide which responsibilities should be extracted from a component and implemented in a new one.</p>',9,26),(299,'Software engineer',7,27),(300,'Development Task',8,27),(301,'<p>Implement new interfaces to the new component.</p>',9,27),(302,'Software architect',7,112),(312,'Architectural Decision Task',8,112),(322,'<p>Choose either a highly selective attribute (many distinct values) to distribute write accesses across multiple nodes. Or choose a key for which a query targets only a single node (for isolated query execution).</p>',9,112),(332,'Software architect',7,122),(342,'Documentation Task',8,122),(352,'<p>Define resilience and availability parameters and document them.</p>',9,122),(362,'Project manager',7,132),(372,'Hold Meeting Task',8,132),(382,'Software architect',7,142),(392,'Architectural Decision Task',8,142),(402,'Software architect',7,152),(412,'Modelling Task',8,152),(422,'Software integrator',7,162),(432,'Documentation Task',8,162),(442,'<p>Elaborate a plan to do a switch back in case of a problem after the production installation.</p>',9,162),(452,'Project manager',7,172),(462,'Documentation Task',8,172),(472,'<p>Create a clear project plan which describes what and when will be migrated.</p>',9,172),(482,'System administrator',7,182),(492,'Systemmanagement Task',8,182),(502,'Software architect',7,192),(512,'Decision Task',8,192),(522,'ITA',7,202);
/*!40000 ALTER TABLE `taskproperty` ENABLE KEYS */;
UNLOCK TABLES;

--
-- Table structure for table `taskpropertytype`
--

DROP TABLE IF EXISTS `taskpropertytype`;
/*!40101 SET @saved_cs_client     = @@character_set_client */;
/*!40101 SET character_set_client = utf8 */;
CREATE TABLE `taskpropertytype` (
  `id` bigint(20) NOT NULL AUTO_INCREMENT,
  `name` varchar(255) DEFAULT NULL,
  PRIMARY KEY (`id`)
) ENGINE=InnoDB AUTO_INCREMENT=13 DEFAULT CHARSET=latin1;
/*!40101 SET character_set_client = @saved_cs_client */;

--
-- Dumping data for table `taskpropertytype`
--

LOCK TABLES `taskpropertytype` WRITE;
/*!40000 ALTER TABLE `taskpropertytype` DISABLE KEYS */;
INSERT INTO `taskpropertytype` VALUES (7,'Assignee'),(8,'Type'),(9,'Description'),(10,'Priority'),(11,'Due Date'),(12,'Estimated Duration');
/*!40000 ALTER TABLE `taskpropertytype` ENABLE KEYS */;
UNLOCK TABLES;

--
-- Table structure for table `tasktemplate`
--

DROP TABLE IF EXISTS `tasktemplate`;
/*!40101 SET @saved_cs_client     = @@character_set_client */;
/*!40101 SET character_set_client = utf8 */;
CREATE TABLE `tasktemplate` (
  `id` bigint(20) NOT NULL AUTO_INCREMENT,
  `name` varchar(255) DEFAULT NULL,
  `parent_id` bigint(20) DEFAULT NULL,
  PRIMARY KEY (`id`),
  KEY `FK_3x1w26hwv38j1d5wj71u9hg35` (`parent_id`),
  CONSTRAINT `FK_3x1w26hwv38j1d5wj71u9hg35` FOREIGN KEY (`parent_id`) REFERENCES `tasktemplate` (`id`)
) ENGINE=InnoDB AUTO_INCREMENT=212 DEFAULT CHARSET=latin1;
/*!40101 SET character_set_client = @saved_cs_client */;

--
-- Dumping data for table `tasktemplate`
--

LOCK TABLES `tasktemplate` WRITE;
/*!40000 ALTER TABLE `tasktemplate` DISABLE KEYS */;
INSERT INTO `tasktemplate` VALUES (2,'Organise project status meetings',NULL),(3,'Organise code review meeting',NULL),(4,'Implement change',NULL),(6,'Execute integration test',NULL),(7,'Deploy application',NULL),(8,'Purchase 3rd party software license',NULL),(9,'Emit current application performance',NULL),(10,'Software Architecture Design sign-off',NULL),(11,'Order Server Hardware',NULL),(12,'Redesign layer (ZIO)',NULL),(13,'Design document layout (i.e., the pendant to the machine-readable SQL DDL)',NULL),(16,'Design system the rational way :-)',NULL),(17,'Determine used session parameters',NULL),(20,'Evaluate session state store',NULL),(22,'Create attribute migration plan',NULL),(23,'Change generation of data model representation (from XML to JSON)',NULL),(24,'Update interface specifications',NULL),(25,'Create new component',NULL),(26,'Move one or more responsibilities over to new component',NULL),(27,'Update all client collaborations of component to use new one',NULL),(28,'Choose common data source',NULL),(29,'Extract data acces code from existing components',NULL),(30,'Write data access logic in data access component',NULL),(31,'Update software architecture document (SAD)',NULL),(32,'Create data access component',NULL),(33,'Integrate message broker',NULL),(34,'Replace individual communication implementation with interface implementation to the new message broker',NULL),(35,'Extract component from existing tier',NULL),(36,'Change connectivity configuration',NULL),(37,'Assess security impact (security architecture review)',NULL),(38,'Assess scalability impact due to the disposal of the application server',NULL),(39,'Analyse the necessity of an own transaction management',NULL),(40,'Analyse logging mechanism',NULL),(41,'Compare current to new dependencies (with/without application server)',NULL),(42,'Implement standalone application',NULL),(43,'Execute system regression tests',NULL),(44,'Assess scalability impact (concurrency level)',NULL),(45,'Analyse current software for possible locking parts (deadlocks)',NULL),(46,'Redesign your current system (soft- and hardware)',NULL),(47,'Consider the use of parallel programming patterns (parallel computing)',NULL),(48,'Enhance application with concurrency features (e.g., implement multi-threading)',NULL),(49,'Test concurrent accesses (try to break the system)',NULL),(50,'Execute performance test (response times under normal circumstances)',NULL),(51,'Procure new hardware',NULL),(52,'Switch operating system (Solaris to Linux)',NULL),(53,'Upgrade / version switch middleware (x86 version instead of SPARC)',NULL),(54,'Port the application to the new hardware and operating system',NULL),(55,'Interface changes (reconfiguration)',NULL),(56,'Assess compatibility of new software version/product',NULL),(57,'Assess future readiness of new version/product',NULL),(58,'Package new software version/product',NULL),(59,'Assess the need for timeouts',NULL),(60,'Implement new service',NULL),(61,'Execute latency test',NULL),(62,'Choose standardized serialization format for message transport',NULL),(63,'Evaluate performance impact by due to communication via broker',NULL),(64,'Estimate future maintenance and support costs',NULL),(65,'Introduce load balancer to scale newly added tiers',NULL),(66,'Design system architecture (component to tier distribution)',NULL),(67,'Create system overview diagram with new session store',NULL),(68,'Integrate new session storage',NULL),(69,'Determine data processing purpose',NULL),(70,'Put data export process in place (move historical data to columnar stores)',NULL),(71,'Choose columnar data store',NULL),(72,'Integrate new data storage',NULL),(73,'Document data migration plan',NULL),(74,'Purchase new data store',NULL),(75,'Find bottlenecks in your system',NULL),(76,'Execute load test',NULL),(77,'Implement new system setup',NULL),(78,'Choose scalability patterns to implement',NULL),(79,'Implement interface class, concrete classes and configure dependency injection',NULL),(80,'Implement unit testcases and mockup objects',NULL),(81,'Choose dependency injection framework',NULL),(82,'Rethink programming methods (e.g. test driven development)',NULL),(83,'Use UML to document the dependency injection coherence (class diagram)',NULL),(84,'Evaluate in-memory database',NULL),(85,'Execute failover test',NULL),(86,'Create new application instances',NULL),(87,'Evaluate session state management strategy',NULL),(88,'Evaluate load balancing strategy',NULL),(89,'Create deployment plan',NULL),(90,'Implement XSL-Stylesheet',NULL),(91,'Choose XSL-Transformation library',NULL),(92,'Evaluate XSL-FO rendering engine',NULL),(93,'Evaluate document layouting implementation (in-house/external)',NULL),(94,'Implement/configure session storage usage',NULL),(95,'Design a software evolution strategy',NULL),(96,'Evaluate REST web service framework',NULL),(97,'Change interface applications',NULL),(98,'Commit application sources into a git repository',NULL),(99,'Create Heroku Cloud account',NULL),(100,'Create an application in the Heroko Cloud',NULL),(101,'Add Heroko git-url as a remote repository',NULL),(102,'Commit your sources to Heroku',NULL),(103,'Add Database Modul in Heroku',NULL),(104,'Document Design changes which were necessary for Cloud Migration',NULL),(112,'Choose approriate sharding key',NULL),(122,'Document service level agreement',NULL),(132,'Hold CRC-Card workshop',NULL),(142,'Choose a standard interface for component interaction',NULL),(152,'Update component diagram',NULL),(162,'Create a fallback plan',NULL),(172,'Create migration road map',NULL),(182,'Integrate proxy cache (server)',NULL),(192,'Define cache expiration times',NULL),(202,'Cloudify Design (ZIO)',NULL);
/*!40000 ALTER TABLE `tasktemplate` ENABLE KEYS */;
UNLOCK TABLES;

--
-- Table structure for table `user`
--

DROP TABLE IF EXISTS `user`;
/*!40101 SET @saved_cs_client     = @@character_set_client */;
/*!40101 SET character_set_client = utf8 */;
CREATE TABLE `user` (
  `id` bigint(20) NOT NULL AUTO_INCREMENT,
  `avatar` longblob,
  `created` datetime DEFAULT NULL,
  `email` varchar(255) DEFAULT NULL,
  `firstname` varchar(255) DEFAULT NULL,
  `homepage` varchar(255) DEFAULT NULL,
  `lastname` varchar(255) DEFAULT NULL,
  `modified` datetime DEFAULT NULL,
  `organisation` varchar(255) DEFAULT NULL,
  `startpage` varchar(255) DEFAULT NULL,
  `role_id` bigint(20) DEFAULT NULL,
  PRIMARY KEY (`id`),
  UNIQUE KEY `UK_e6gkqunxajvyxl5uctpl2vl2p` (`email`),
  KEY `FK_fe6nqh4mlcjr068gcfrstmh2y` (`role_id`),
  CONSTRAINT `FK_fe6nqh4mlcjr068gcfrstmh2y` FOREIGN KEY (`role_id`) REFERENCES `role` (`id`)
) ENGINE=InnoDB AUTO_INCREMENT=42 DEFAULT CHARSET=latin1;
/*!40101 SET character_set_client = @saved_cs_client */;

--
-- Dumping data for table `user`
--

LOCK TABLES `user` WRITE;
/*!40000 ALTER TABLE `user` DISABLE KEYS */;
INSERT INTO `user` VALUES (1,'\0JFIF\0\0H\0H\0\0+\ZExif\0\0II*\0\0\0\0	\0\0\0\0\0z\0\0\0\0\0\0\0\0\0\0\0\0\0\0\0\0\0\Z\0\0\0\0\0\0\0\0\0\0\0\0\0\0(\0\0\0\0\0\0\02\0\0\0\0\0\0\0\0\0\0\0\0\0\0i\0\0\0\0\0\0\0\0\0Canon\0Canon EOS 400D DIGITAL\0\0H\0\0\0\0\0\0H\0\0\0\0\0\02016:01:15 16:22:01\0\0\0\0\0\0\0\0\0\0\0\0\Z\0\0\"\0\0\0\0\0\0\0\'\0\0\0\0\0\0\0\0\0\0\00221\0\0\0\0\"\0\0\0\0\0\06\0\0\0\0\0\0\0\n\0\0\0\0J\0\0\0\0\0\0R\0\0\n\0\0\0\0Z\0\0\0\0\0\0\0\0\0	\0\0\0\0\0\0\0\n\0\0\0\0b\0\0|\0\0\0j\0\0\0\0\0n\0\0\0\0\0\0\00100\0\0\0\0\0\0\0\0\0\0\0,\0\0\0\0\0\0,\0\0\0\0\0\0\0\0\0\0\0\0v\0\0\0\0\0\0~\0\0\0\0\0\0\0\0\0\0\0\0\0\0\0\0\0\0\0\0\0\0\0\0\0\0\0\0\0\0\0\0\0\0\0\0\0\0\0\0\0\0\0\0\0\0\0\0<\0\0\0(\0\0\0\n\0\0\02016:01:15 15:46:53\02016:01:15 15:46:53\0*\0\0\0\0\0\0\0\0\0\0\0\0\0\0\0\0\02\0\0\0\0\0\0\0\0\0.\0\0\0\0\0\0\0\0\0\0@\0\0\0\0\0\0\0H\0\0\0\0\"\0\0\0P\0\0\0\0 \0\0\0\0\0\0\0 \0\0\0\0\0	\0\0 \0\0\0\0\0\0\0\0\0\0A[\r\0\0\0\0\0\0\0\0\0\0\0\0\0\0\0\0\0\0\06\0\0\0\0\0\0	\0\0\0\0\0\0\0D	\0\0\0\0\0\0\0\0\0\0\0\0\0\0\0\0\0\0\0\0\0\0\0\0\0\0\0\0\0\0\0\0L	\0\0\0\0@\0\0\0n	\0\0\0\0\0\0\0	\0\0\0\0\0\0\0	\0\0\0\0\0\0\0\r\0\0\0\0\0\0\0\r\0\0\0\0\0\0\0\r\0\0\0\0\0\0\0\0\0\0\0\0\0\0\0\0\0\0\0\0\0\0\0\0\r\0\0@\0\0\0\0\0@\0\0\0\0F\0\0	@\0\0\0\0L\0\0@\0 \0\0\0R\0\0@\0\0\0\0r\0\0\0\0\0\0\\\0\0d\0\0\0\0\0\0\0\0\0\0\0\0\0\0\0\0\0\0\0\0\0\0\0\0\0\0\0\0\02\02\0\06\0\0\0 \0\0\0\0\0\0\0\0\0\0\0\0\0\0\0\0\0\0\02\0]\0\0\0\0\0\0D\0\0\0\0L\0\0\0\0\0\0\0\0\0\0\0\0\0\0\0\0\0\0\0\0\0\0\0\0\0\0\0\0j\0\0\0\0\0\0\0\0\0\0\0\0\0\0\0\0\0Canon EOS 400D DIGITAL\0\0\0\0\0\0\0\0\0\0Firmware 1.1.0\0\0\0\0\0\0\0\0\0\0\0\0\0\0\0\0\0\0unknown\0\0\0\0\0\0\0\0\0\0\0\0\0(\0\0\0\0\0\0\0\0\0\0\0\0\0\0\0\0\0\0\0\0\0\0\0\0\0\0\0\0\0\0\0\0\0\0\0\0\0\0\0\0\0\0\0\0\0\0\0\0\0\0\0\0\0\0\0\0\0\0\0\0\0\0\0\0\0\0\0\0\0\0\0\0\0\0\0\0\0\0\0\0\0\0\0\0\0\0\0\0\0\0\0\0\0\0\0\0\0\0\0\0\0\0\0\0\0\0\0\0\0\0\0\0\0\0\0\0\0\0\0\0\0\0\0\0\0\0\0\0\0\0\0\0\0\0\0\0\0\0\0\0\0\0\0\0\0\0\0\0\0\0\0\0\0\0\0\0\0\0\0\0\0\0\0\0\0\0\0\0\0\0\0\0\0\0\0\0\0\0\0\0\0\0\0\0\0\0\0\0\0\0\0\0\0\0\0\0\0\0\0\0\0\0\0\0\0\0\0\0\0\0\0\0\0\0\0\0\0\0\0\0\0\0\0\0\0\0\0\0\0\0\0\0\0\0\0\0\0\0\0\0\0\0\0\0\0\0\0\0\0\0\0\0\0\0\0\0\0\0\0\0\0\0\0\0\0\0\0\0\0\0\0\0\0\0\0\0\0\0\0\0\0\0\0\0\0\0\0\0\0\0\0\0\0\0\0\0\0\0\0\0\0\0\0\0\0\0\0\0\0\0\0\0\0\0\0\0\0\0\0\0\0\0\0\0\0\0\0\0\0\0\0\0\0\0\0\0\0\0\0\0\0\0\0\0\0\0\0\0\0\0\0\0\0\0\0\0\0\0\0\0\0\0\0\0\0\0\0\0\0\0\0\0\0\0\0\0\0\0\0\0\0\0\0\0\0\0\0\0\0\0\0\0\0\0\0\0\0\0\0\0\0\0\0\0\0\0\0\0\0\0\0\0\0\0\0\0\0\0\0\0\0\0\0\0\0\0\0\0\0\0\0\0\0\0\0\0\0\0\0\0\0\0\0\0\0\0\0\0\0\0\0\0\0\0\0\0\0\0\0\0\0\0\0\0\0\0\0\0\0\0\0\0\0\0\0\0\0\0\0\0\0\0\0\0\0\0\0\0\0\0\0\0\0\0\0\0\0\0\0\0\0\0\0\0\0\0\0\0\0\0\0\0\0\0\0\0\0\0\0\0\0\0\0\0\0\0\0\0\0\0\0\0\0\0\0\0\0\0\0\0\0\0\0\0\0\0\0\0\0\0\0\0\0\0\0\0\0\0\0\0\0\0\0\0\0\0\0\0\0\0\0\0\0\0\0\0\0\0\0\0\0\0\0\0\0\0\0\0\0\0\0\0\0\0\0\0\0\0\0\0\0\0\0\0\0\0\0\0\0\0\0\0\0\0\0\0\0\0\0\0\0\0\0\0\0\0\0\0\0\0\0\0\0\0\0\0\0\0\0\0\0\0\0\0\0\0\0\0\0\0\0\0\0\0\0\0\0\0\0\0\0\0\0\0\0\0\0\0\0\0\0\0\0\0\0\0\0\0\0\0\0\0\0\0\0\0\0\0\0\0\0\0\0\0\0\0\0\0\0\0\0\0\0\0\0\0\0\0\0\0\0\0\0\0\0\0\0\0\0\0\0\0\0\0\0\0\0\0\0\0\0\0\0\0\0\0\0\0\0\0\0\0\0\0\0\0\0\0\0\0\0\0\0\0\0\0\0\0\0\0\0\0\0\0\0\0\0\0\0\0\0\0\0\0\0\0\0\0\0\0\0\0\0\0\0\0\0\0\0\0\0\0\0\0\0\0\0\0\0\0\0\0\0\0\0\0\0\0\0\0\0\0\0\0\0\0\0\0\0\0\0\0\0\0\0\0\0\0\0\0\0\0\0\0\0\0\0\0\0\0\0\0\0\0\0\0\0\0\0\0\0\0\0\0\0\0\0\0\0\0\0\0\0\0\0\0\0\0\0\0\0\0\0\0\0\0\0\0\0\0\0\0\0\0\0\0\0\0\0\0\0\0\0\0\0\0\0\0\0\0\0\0\0\0\0\0\0\0\0\0\0\0\0\0\0\0\0\0\0\0\0\0\0\0\0\0\0\0\0\0\0\0\0\0\0\0\0\0\0\0\0\0\0\0\0\0\0\0\0\0\0\0\0\0\0\0\0\0\0\0\0\0\0\0\0\0\0\0\0\0\0\0\0\0\0\0\0\0\0\0\0\0\0\0\0\0\0\0\0\0\0\0\0\0\0\0\0\0\0\0\0\0\0\0\0\0\0\0\0\0\0\0\0\0\0\0\0\0\0\0\0\0\0\0\0\0\0\0\0\0\0\0\0\0\0\0\0\0\0\0\0\0	\0\n	\0	\00 \n\r 	N\0N\0\0;]\0;\0\0\0\0\0\0\0\0\0p\0\"\07\0\0\0\0\0\0\0\0\0\0\0\0\0\0\0\0\0\0\0\0\0\0\0\0EF50mm f/1.8\0\0\0\0\0\0\0\0\0\0\0\0\0\0\0\0\0\0\0\0\0\0\0\0\0\0\0\0\0\0\0\0\0\0\0\0\0\0\0\0\0\0\0\0\0\0\0\0\0\0\0\0H2463604\0\0\0\0\0\0\0\0\0\0\0\0\0\0\0\0\0\0\0\0\0\0\0\0\0\0\0\0\0\0\0\0\0\0\0\0\0\0\0\0\0\0\0\0\0\0\0\0\0\0\0\0\0\0\0\0\0\0\0\0\0\0\0\0\0\0\0\0\0\0\0\0\0\0\0\0\0\0\0\0\0\0\0\0\0\0\0\0\0\0\0\0\0\0\0\0\0\0\0\0\0\0\0\0\0\0\0\0\0\0\0\0\0\0\0\0\0\0\0\0\0\0\0\0\0\0\0\0\0\0\0\0\0\0\0\0\0\0\0\0\0\0\0\0\0\0\0\0\0\0\0\0\0\0\0\0\0\0\0\0\0\0\0\0\0\0\0\0\0\0\0\0\0\0\0\0\0\0\0\0\0\0\0\0\0\0\0\0\0\0\0\0\0\0\0\0\0\0\0\0\0\0\0\0\0\0\0\0\0\0\0\0\0\0\0\0\0\0\0\0\0\0\0\0\0\0\0\0\0\0\0\0\0\0\0\0\0\0\0\0\0\0\0\0\0\0\0\0\0\0\0\0\0\0\0\0\0\0\0\0\0\0\0\0\0\0\0\0\0\0\0\0\0\0\0\0\0\0\0\0\0\0\0\0\0\0\0\0\0\0\0\0\0\0\0\0\0\0\0\0\0\0\0\0\0\0\0\0\0\0\0\0\0\0\0\0\0\0\0\0\0\0\0\0\0\0\0\0\0\0\0\0\0\0\0\0\0\0\0\0\0\0\0\0\0\0\0\0\0\0\0\0\0\0\0\0\0\0\0\0\0\0\0\0\0\0\0\0\0\0\0\0\0\0\0\0\0\0\0\0\0\0\0\0\0\0\0\0\0\0\0\0\0\0\0\0\0\0\0\0\0\0\0\0\0\0\0\0\0\0\0\0\0\0\0\0\0\0\0\0\0\0\0\0\0\0\0\0\0\0\0\0\0\0\0\0\0\0\0\0\0\0\0\0\0\0\0\0\0\0\0\0\0\0\0\0\0\0\0\0\0\0\0\0\0\0\0\0\0\0\0\0\0\0\0\0\0\0\0\0\0\0\0\0\0\0\0\0\0\0\0\0\0\0\0\0\0\0\0\0\0\0\0\0\0\0\0\0\0\0\0\0\0\0\0\0\0\0\0\0\0\0\0\0\0\0\0\0\0\0\0\0\0\0\0\0\0\0\0\0\0\0\0\0\0\0\0\0\0\0\0\0\0\0\0\0\0\0\0\0\0\0\0\0\0\0\0\0\0\0\0\0\0\0\0\0\0\0\0\0\0\0\0\0\0\0\0\0\0\0\0\0\0\0\0\0\0\0\0\0\0\0\0\0\0\0\0\0\0\0\0\0\0\0\0\0\0\0\0\0\0\0\0\0\0\0\0\0\0\0\0\0\0\0\0\0\0\0\0\0\0\0\0\0\0\0\0\0\0\0\0\0\0\0\0\0\0\0\0\0\0\0\0\0\0\0\0\0\0\0\0\0\0\0\0\0\0\0\0\0\0\0\0\0\0\0\0\0\0\0\0\0\0\0\0\0\0\0\0\0\0\0\0\0\0\0\0\0\0\0\0\0\0\0\0\0\0\0\0\0\0\0\0\0\0\0\0\0\0\0\0\0\0\0\0\0\0\0\0\0\0\0\0\0\0\0\0\0\0\0\0\0\0\0\0\0\0\0\0\0\0\0\0\0\0\0\0\0\0\0\0\0\0\0\0\0\0\0\0\0\0\0\0\0\0\0\0\0\0\0\0\0\0\0\0\0\0\0\0\0\0\0\0\0\0\0\0\0\0\0\0\0\0\0\0\0\0\0\0\0\0\0\0\0\0\0\0\0\0\0\0\0\0\0\0\0\0\0\0\0\0\0\0\0\0\0\0\0\0\0\0\0\0\0\0\0\0\0\0\0\0\0\0\0\0\0\0\0\0\0\0\0\0\0\0\0\0\0\0\0\0\0\0\0\0\0\0\0\0\0\0\0\0\0\0\0\0\0\0\0\0\0\0\0\0\0\0\0\0\0\0\0\0\0\0\0\0\0\0\0\0\0\0\0\0\0\0\0\0\0\0\0\0\0\0\0\0\0\0\0\0\0\0\0\0\0\0\0\0\0\0\0\0\0\0\0\0\0\0\0\0\0\0\0\0\0\0\0\0\0\0\0\0\0\0\0\0\0\0\0\0\0\0\0\0\0\0\0\0\0\0\0\0\0\0\0\0\0\0\0\0\0\0\0\0\0\0\0\0\0\0\0\0\0\0\0\0\0\0\0\0\0\0\0\0\0\0\0\0\0\0\0\0\0\0\0\0\0\0\0\0\0\0\0\0\0\0\0\0\0\0\0\0\0\0P\0\0\0\0\0\0\0\n\0\0\0J\"\0l>\n\0\04\0\0c6\n\0\0\0\0\0\0\0\0\0\0\0\0\0\0\0\0\0R\0\0r,\0\0~\0\0\0\"\"g\0\0aa\0x\0ZZ\0\0\0\0\0\0\0\0\0|R\09\09\0\0oi\0\0\0\0f\06\06\0\0k\0!\0\0\0%	\0\0%	\0\0 	\0\Z	\0\0P\n\0\0X	\0\0vp\n..\Z	\0\0F\n\0\0\n\0\0\0\0\0\0\0\0\0\Z	\0\0FyL*T\'gql 0X(pFjPx\\\rBh\0=V\0j\r\0\0\nm\n\'`	%\0\0\0\0\0\0\0\0\0\0\0 \0\'\03\0=\0;\05\0/\0(\0\0\0\05\0\r\0\0\0\0\"\0\'\0+\0+\05\04\00\0*\0#\0\0\0\0\0\0\0\0!\00\0<\0C\0@\0+\0)\0%\0\0\0\0\0\0\0\0\0\0\0)\09\0@\0K\0^\0?\0B\0%\0\0\0\0\0\0!\0 \0\0\0$\0\'\0$\08\0C\0T\0b\0\\\0O\0E\0:\0*\0\0\0o\0*\0(\0A\0D\0H\0P\0T\0L\0Y\0T\0L\0@\06\0+\0\0\0)\08\0<\0C\0H\0g\0~\0\0\0K\0F\0>\02\0(\0\0\0\0\00\0.\0/\0F\0[\0|\0\0\0\0x\0{\0F\03\02\0-\0\0\0\0\0\0\0!\0%\0\"\0;\0E\0V\0b\0\\\0N\0C\08\0\'\0\0\0|\0&\0&\0A\0D\0H\0O\0U\0M\0Z\0T\0K\0?\04\0(\0\0\0*\09\09\0D\0H\0g\0~\0\0\0L\0E\0<\00\0&\0\0\0\0\03\00\01\0H\0\\\0}\0\0\0\0x\0y\0@\0.\0+\0&\0\0\0 \0\0\0\0\0\0\Z\0&\0-\05\0;\05\0,\0$\0\0\0\0\0h\0&\0\"\00\0-\00\03\05\0-\03\0/\0(\0!\0\0\0\0\0$\00\01\0.\0/\0B\0O\0U\0L\0*\0%\0\0\0\0\0\0\0\0)\0%\0%\0.\0;\0N\0T\0^\0m\0>\0=\0\"\0\0\0\0\0\0\0\0\0\0\0\0\0\0\0\0\0\0\0\0\0\0\0\0\0\0\0\0\0\0\0\0\0\0\0\0\0\0\0\0\0\0\0\0\0\0\0\0\0\0\0\0\0\0\0\0\0\0\0\0\0\0\0\0\0\0\0\0\0\0\0\0\0\0\0\0\0\0\0\0\0\0\0\0\0\0\0\0\0\0\0\0\0\0\0\0\0\0\0\0\0\0\0\0\0\0\0\0\0\0\0\0\0\0\0\0\0\0\0\0\0\0\0\0\0\0\0\0\0\0\0\0\0\0\0\0\0\0\0\0\0	\0\0\0HX\'\0*\0\0\0\0\0\0\0\0\0\0h\0	\0 \0\r\0\0\0\0\0\0N	#2\0\0\0\0\0\0\0\0\0\'\0	)Qk/,\0&\0\0\0\0\0\0\0\0\0\0\0\0\0\0\n[\0{\0(]{4H\\1y0<\0~\0\0\0\0\0\0+y\0k\0k\0kTe\0k\0\0\0\0\0\0\0\0\0\0\0\0\0\0e\0\0\0\0\0\0\0\0\0\0\0\0\0\0\0\0\0\0\0\0\0a\0\0\0\0\0\0\0\0\0\0\0\0\0\0\0\0\0\0\0\0\0\0\0\0\0\0\0\0\0\0\0\0\0\0\0\0\0\0\0\0\0\0\0\0\0\0\0\0\0\0\0\0\0\0\0\0\0\0\0\0\0\0\0\0\0\0\0\0\0\0\0\0\0\0\0\0\0\0\0\0\0\0\0\0\0\0\0\0\0\0\0\0\0\0\0\0\0\0\0\0\0\0\0\0\0\0\0\0\0\0\0\0\0\0\0\0\0\0\0\0\0\0\0\0\0\0\0\0\0\0\0\0\0\0\0\0\0\0\0\0\0\0\0\0\0\0\0\0\0\0\0\0\0\0\0\0\0\0\0\0\0\0\0\0\0\0\0\0\0\0\0\0\0\0\0\0\0\0\0\0\0\0\0\0\0\0\0\0\0\0\0\0\0\0\0\0\0\0\0\0\0\0\0\0\0\0\0\0\0\0\0\0\0\0\0\0\0\0\0\0\0\0\0\0\0\0\0\0\0\0\0\0\0\0\0\0\0\0\0\0\0\0\0\0\0\0\0\0\0\0\0\0\0\0\0\0\0\0\0\0\0\0\0\0\0\0\0\0\0\0\0\0\0\0\0\0\0\0\0\0\0\0\0\0\0\0\0\0\0\0\0\0\0\0\0\0\0\0\0\0\0\0\0\0\0\0\0\0\0\0\0\0\0\0\0\0\0\0\0\0\0\0\0\0\0\0\0\0\0\0\0\0\0\0\0\0\0\0\0\0\0\0\0\0\0\0\0\0\0\0\0\0\0\0\0\0\0\0\0\0\0\0\0\0\0\0\0\0\0\0\0\0\0\0\0\0\0\0\0\0\0\0\0\0\0\0\0\0\0\0\0\0\0\0\0\0\0\0\0\0\0\0\0\0\0\0\0\0\0\0\0\0\0\0\0\0\0\0\0\0\0\0\0\0\0\0\0\0\0\0\0\0\0\0\0\0\0\0\0\0\0\0\0\0\0\0\0\0\0\0\0\0\0\0\0\0\0\0\0\0\0\0\0\0\0\0\0\0\0\0\0\0\0\0\0\0\0\0\0\0\0\0\0\0\0\0\0\0\0\0\0\0\0\0\0\0\0\0\0\0\0\0\0\0\0\0\0\0\0\0\0\0\0\0\0\0\0\0\0\0\0\0\0\0\0\0\0\0\0\0\0\0\0\0\0\0\0\0\0\0\0\0\0\0\0\0\0\0\0\0\0\0\0\0\0\0\0\0\0\0\0\0\0\0\0\0\0\0\0\0\0\0\0\0\0\0\0\0\0\0\0\0\0\0\0\0\0\0\0\0\0\0\0\0\0\0\0\0\0\0\0\0\0\0\0\0\0\0\0\0\0\0\0\0\0\0\0\0\0\0\0\0\0\0\0\0\0\0\0\0\0\0\0\0\0\0\0\0\0\0\0\0\0\0\0\0\0\0\0\0\0\0\0\0\0\0\0\0\0\0\0\0\0\0\0\0\0\0\0\0\0\0\0\0\0\0\0\0\0\0\0\0\0\0\0\0\0\0\0\0\0\0\0\0\0\0\0\0\0\0\0\0\0\0\0\0\0\0\0\0\0\0\0\0\0\0\0\0\0\0\0\0\0\0\0\0\0\0\0\0\0\0\0\0\0\0\0\0\0\0\0\0\0\0\0\0\0\0\0\0\0\0\0\0\0\0\0\0\0\0\0\0\0\0\0\0\0\0\0\0\0\0\0\0\0\0\0\0\0\0\0\0\0\0\0\0\0\0\0\0\0\0\0\0\0\0\0S;\0m\0\0\0\'\0F\0\0\0\0\0\0\0\0R98\0\0\0\0\0\00100\0\0\0\0\0\0\0\0\0\0\0\0\Z\0\0\0\0\0\0\0\0\0\0\0\0(\0\0\0\0\0\0\0\0\0\0\0\0\0\0\0\0\0\0\0\0\0\0\0H\0\0\0\0\0\0H\0\0\0\0\0\0\0JFIF\0\0\0\0\0\0\0C\0		\n\r\Z\Z $.\' \",#(7),01444\'9=82<.342\0C			\r\r2!!22222222222222222222222222222222222222222222222222\0\0\0\"\0\0\0\0\0\0\0\0\0\0\0\0	\n\0\0\0\0}\0!1AQa\"q2#BR$3br	\n\Z%&\'()*456789:CDEFGHIJSTUVWXYZcdefghijstuvwxyz\0\0\0\0\0\0\0\0	\n\0\0\0w\0!1AQaq\"2B	#3Rbr\n$4%\Z&\'()*56789:CDEFGHIJSTUVWXYZcdefghijstuvwxyz\0\0\0?\0@XFiHi@.(1E.(!ikmy\'cD%)q45_:=Ԁ5s_\'ݧ|1M&+ֱNZ4FAq0YiȢ.zK\'6mBG\0l0>CCM9Z\")M4qJiCHE@)\r:E8(M\0KK@	P)hO/=f,ڋ.B@\Z\'~k`Og$)?~5<Epx-aBqw}pL{{JHA:kE]sfy]kin)ҘA;4ެENHUvS.V`G9^\nXfwPp\'\'$zfix4}Wiyo{m*te<UlWx+ƓW?wW\\GunBA-e-5Nii(P(4\0bp\nANHP0 3bBfl*y\nS5;ىg{gz_]k7zDmG&CWik*A=R]NNȭxrk<Um`=+1]EʼW<ɽa▧:8!\n=\rʃYKUۥ/hŻu[mR*\"7X\r{ܶѷU\'U+d\nvG,4[<BOޯ%yV]Ɨ%+*}kԃ3\\νű;Fu8VwL2yt;״|,0:d<FW?+Ȯ!2/4-j#w+JNucs\r7p8hPҳCb\ZZCJ)P)1N\")CqE!Z@)U(\nJQHbKP(3/6]Jf<,\ZSE@5k\Zxcmѭ~c^!ҬFey6t6 Cofڠ\\V\\:AU\0RDέ/oxw)kJ\ZΞ@L*79@-a^C`+Q b+\n6fi[yw`|b~|v~%|?*-^7xEei^i\rD[-\0bQҳBb(4RJ\r.3@\0E=GRpTHbh7nܰRK\Ze \r!$ٕē_8{H8myw{@kr\n;A$FIWTmB0FMj۪l&8&KH]S(mƟ$c+5<1SsÑ\\\0SMry#PYHN+<vS#)SAf#%WE{?ҥmv28-KҬ{q½Ym#py\Zƪw_L\ZŊ!\nBձTW5{dP42e:%s>iwvzU-q{ɯL+#¶X.1޵ZC@4h:h4(n(E!hT!E-u1E$18AHgx_kӮfRsl<Giw\n8PEm]ʍS ⱴBenwe{X\ZN|bꚱӮeX1aP\Z7\ZܐĈn[ǒUy|֯:v\\c&k	^<\Z%N1~jz[9,8V m$>N\"^ܩ	-dTL~uuE,5hɈzJlw>GJ,`(HUXr(ՑVzEYo&R0 m8sW\Zzg]m;\"Yw슠)oj:^dz\"ojIӭ\n:^}Z?c,pdq^\nr)Y|a@4[-6J(4\ndi\0H4&(4R)OBM\nCHx܊@s\Zf3wEsm>}}i1*0^seYXS}VɗhɣTX#vҦ>G4o5t\nw$Uh2[@%{}\"hlD$d2Ưjڵ$V J\ZAՎ2Fkq?\Z㴔Q7PwlWeט\\aVيZ3>B9\\ 01Z>fͻ㠤ٵuxP@F;^nZԑ\"\"[:T6A2rڂK1޶QgFri\rVA4@C))B)NLJz\05(G,Ӣ?\"1W\r;7%o7qnk:Pv-Ŧ*[W2ER0;-\nDYr}+]㸜<@3X;(]f[@zUh!	=c~\'sjz@VШfi%\0amTM\"8k]\"YUn3WEh[Fl$޳zR\n=Iia=q\"n:5f+Dbp\'q$f]n=(Z;EG<Cq^\rh\Z$V(X:G\n(\"R)(hi\r9hQH`))¨C- 1)@(W#G֭^GR]貣#eazеI0\\+R\'|2<ןxN_kçK=gGLRfsYJ\rjuo;Cb\"H@T֖*TXudN2+J9UO=jt;Z,\0Z&[Pr7lO9#q:Sf2.民=9	\\ںݶ~lluie4vM^-c9nV1\ZviX,,:kx/dEes&-.RODnWwzWLpuqfi)@\Z\01J-:RPsNH*(SiE!S [SK/ $(X\0Yu\"Giy.TiXhwg\\%G}={VEu4JZ3g#~\n^PT\'>_ƽ{QulFAҊׄ:k9K_FX.O,{\n3H\03*	#+f6t8m>RŽ.	VwwZ\0\nDͩnHLGZeF7k\\}\"RۼYglCUI6i\nkyߎ5ؖJ~gz\n)sET$8/F1\04Y[7v߻\'W[\"g[rlcJ/&={KbiבqpShҹ\r\"v@\r.iQ@\rE6\0xSLCEP:2wgOVY)[{{R$;܀2H\0u&/xIb\ZGҼ{_ί \0Q=vϹfC=Kã۴e}y}Mu;+uw951ޘsZF:$C{m]r2^տ⛻/>ǽxx_\\m&șe=\0XNp]\rT\'gcn-)afaE\\X3yV;p8H<Rd\0ԆA%cRWwϨu\'F>(\ZX6mAg{W\'$Wg5*]iRu\Z[iVHdxyWcMX㌷ ^\0r2n56y[it_O𭟥|ہ*áV?+)aQ\\õ\n^+*iNkI?z\0u\'52nb%4M3_(Pz*@w⅝ht n\0\\=\0|A\ZFQ\\=+4M4契ݏv95IM!֖$CӾЧ4ɨ^*\'<ֆ1|(d.?tTrI8+!rs۷RFU( \\հ-9x[h!R>~4:8	q<{WF88a}EhhzErۑz~xnoFcvZl[Z3!AZ񞭬Vq$cʋ dnbq֐ZS9U|5k+\'#<\n~ZF$}\0TR4\n8JM\"\0iAK:QK,рAF88i@\Z0jB85+ȣ&`EPSs>`\nl_yUy(\rpbcAr;f)0DH:Hy}Uu#.sE\0J\02N3!%>E.vzAQ@	Mc4Q@=IҊ*VĢ)http://ns.adobe.com/xap/1.0/\0<?xpacket begin=\'﻿\' id=\'W5M0MpCehiHzreSzNTczkc9d\'?>\n<x:xmpmeta xmlns:x=\'adobe:ns:meta/\'>\n<rdf:RDF xmlns:rdf=\'http://www.w3.org/1999/02/22-rdf-syntax-ns#\'>\n\n <rdf:Description xmlns:exif=\'http://ns.adobe.com/exif/1.0/\'>\n  <exif:Make>Canon</exif:Make>\n  <exif:Model>Canon EOS 400D DIGITAL</exif:Model>\n  <exif:Orientation>Left-bottom</exif:Orientation>\n  <exif:XResolution>72</exif:XResolution>\n  <exif:YResolution>72</exif:YResolution>\n  <exif:ResolutionUnit>Inch</exif:ResolutionUnit>\n  <exif:DateTime>2016:01:15 15:46:53</exif:DateTime>\n  <exif:YCbCrPositioning>Co-sited</exif:YCbCrPositioning>\n  <exif:Compression>JPEG compression</exif:Compression>\n  <exif:XResolution>72</exif:XResolution>\n  <exif:YResolution>72</exif:YResolution>\n  <exif:ResolutionUnit>Inch</exif:ResolutionUnit>\n  <exif:Make>Canon</exif:Make>\n  <exif:Model>Canon EOS 400D DIGITAL</exif:Model>\n  <exif:Orientation>Top-left</exif:Orientation>\n  <exif:XResolution>72</exif:XResolution>\n  <exif:YResolution>72</exif:YResolution>\n  <exif:ResolutionUnit>Inch</exif:ResolutionUnit>\n  <exif:DateTime>2016:01:15 16:16:03</exif:DateTime>\n  <exif:YCbCrPositioning>Co-sited</exif:YCbCrPositioning>\n  <exif:Compression>JPEG compression</exif:Compression>\n  <exif:XResolution>72</exif:XResolution>\n  <exif:YResolution>72</exif:YResolution>\n  <exif:ResolutionUnit>Inch</exif:ResolutionUnit>\n  <exif:ExposureTime>1/60 sec.</exif:ExposureTime>\n  <exif:FNumber>f/4,0</exif:FNumber>\n  <exif:ExposureProgram>Portrait mode (for closeup photos with the background out of focus)</exif:ExposureProgram>\n  <exif:ISOSpeedRatings>\n   <rdf:Seq>\n    <rdf:li>400</rdf:li>\n   </rdf:Seq>\n  </exif:ISOSpeedRatings>\n  <exif:ExifVersion>Exif Version 2.21</exif:ExifVersion>\n  <exif:DateTimeOriginal>2016:01:15 15:46:53</exif:DateTimeOriginal>\n  <exif:DateTimeDigitized>2016:01:15 15:46:53</exif:DateTimeDigitized>\n  <exif:ComponentsConfiguration>\n   <rdf:Seq>\n    <rdf:li>Y Cb Cr -</rdf:li>\n   </rdf:Seq>\n  </exif:ComponentsConfiguration>\n  <exif:ShutterSpeedValue>5,91 EV (1/60 sec.)</exif:ShutterSpeedValue>\n  <exif:ApertureValue>4,00 EV (f/4,0)</exif:ApertureValue>\n  <exif:ExposureBiasValue>0,00 EV</exif:ExposureBiasValue>\n  <exif:MeteringMode>Pattern</exif:MeteringMode>\n  <exif:Flash rdf:parseType=\'Resource\'>\n  </exif:Flash>\n  <exif:FocalLength>50,0 mm</exif:FocalLength>\n  <exif:MakerNote>4868 bytes undefined data</exif:MakerNote>\n  <exif:UserComment />\n  <exif:FlashPixVersion>FlashPix Version 1.0</exif:FlashPixVersion>\n  <exif:ColorSpace>sRGB</exif:ColorSpace>\n  <exif:PixelXDimension>826</exif:PixelXDimension>\n  <exif:PixelYDimension>1064</exif:PixelYDimension>\n  <exif:FocalPlaneXResolution>4433,295</exif:FocalPlaneXResolution>\n  <exif:FocalPlaneYResolution>4453,608</exif:FocalPlaneYResolution>\n  <exif:FocalPlaneResolutionUnit>Inch</exif:FocalPlaneResolutionUnit>\n  <exif:CustomRendered>Normal process</exif:CustomRendered>\n  <exif:ExposureMode>Auto exposure</exif:ExposureMode>\n  <exif:WhiteBalance>Auto white balance</exif:WhiteBalance>\n  <exif:SceneCaptureType>Standard</exif:SceneCaptureType>\n  <exif:InteroperabilityIndex>R98</exif:InteroperabilityIndex>\n  <exif:InteroperabilityVersion>0100</exif:InteroperabilityVersion>\n </rdf:Description>\n\n</rdf:RDF>\n</x:xmpmeta>\n<?xpacket end=\'r\'?>\n\0C\0\0C\0,,\0\0\0\0\0\0\0\0\0\0\0\0\0\0	\0\n\0\0\0\0\0\0\0\0\0\0\0\0\0\0\0\0\0[F d/l| $3H5 } $cIX\n0děO2\\B!%5D\0$I=DpDVV82+TF!O9aiaiHc,{0W5tϖ鳍bIY^=}E|ꋚ4tN\0v(kwF{cHōHs#Ђ(*|xdUS!$2dϝMس]UmVڗCKNe+mZ@ZQ&;o\rjYM* 䁍*a̄ē\\#R1NㆊtFOitH8.~^<z,ry\\NOgVPu>Jt&ttx\nXo\rXmsXEZ#@ e)|gʤ\rB#R+0AEz̑߳dEp_]%hWXHK\ZC݉^yWs\\VQmAޗrh\ZA} 6P^DwW)r\"Ex3Rz#~MMVV|NƧewY.Y]Ft=GBR*-Cn:ϻ\r]w1]k9$gTR\ry$5#d+D/NvEe(-*0oKXF~gmb^BMz=)˹	*ԏTjI8uXrkn-\\W>EECoSsfk{=</VPN#0Ubf!TTo<:Uې7OtSyou*bnɪ>.^{Tם^ᶙew+6ٚfNÂs)c_^Vt@:^ѷB12wCMY5]RG\"Rhhxa<IV6Iu[w-Im:,{k;[CkR:X4{{~/[q^5:lu^X|>5.7XU!]THE2,O,\'Qб\nk7uڕ3:T2Ibx%ou;I&t1غ1)ѨMf/{/7ϳǯjH\nb@H\\TcY[<v\'W!q(D6\0[g/WcKjmo;5qmv+ڙָJjW2Yf7ӈ(Uգgm;Ty.@Y\"d&@\rjK$2\ZCTD(Q[\r~]\\/wJsϯObRׁݽ~6g]V\0ml>6wJ;Y͡>pmܭn\Z[ށ=\n,)= s V![QŌGY+oJGv1U=5yU{3`;esUǩfmu8X\ZF`\"/D\"(R|p#I0qTD ]H`\'btQ\n!Tܳ٧R֓~jvVĶi&׼mreU~j/Wك7<N9gCܣ``	!OB`	>:-\r,FHz#\nKV!TPuWɍ|^wv\0ʾ\n/:2|oe%4]\\ά̙Ʌu9=#AیVY#]\0 TEHL!)$GZjW.E%l2}Y#Mfŕ-}O(Y*ol)mK\r=̍WݚͲЭJ^aDڟ<nK_NVޭZXi!PEq<#}CS&a}i7)nC6kS7X\n\0t~M?%y\0>]/>Y&c}НAulHY2\n]H49y\r[kھx9~՚~kwbц|j}rÝo\0ot/1e3%ҁbWo][Gܙ^r~\\ѓ%ǲWuY7}QrQ,J(\Zwfz##Ջ}#\nS.44ѥj!gA3AhVͱi$d\Zb\Zl9rBjV_S~A5vAŧH*BVfՂI<Z5.QWiڣ(F/\0.\0\0\0\0\0\0 !\"#102A$3%\0\0<7[&ktMnt<5h:QRE|<jU[P5u>ZrEzEd[|DțZ3\\ܝƺceuu<vx\"Z\Z	+U:VׁEhǡg=n2\\_Tut7Yu%Z?!9x]D=d,4\\Hڋf5\0|K-Y/1\'VX#&r^n		S6[u\\%[hRtGm%4]2,fmǹŠx<\0(gW)79en69N-Z{aXQ- ?F%\nlH)!v|UF͸خMMI\"?a#yӹ= =6E*==16gE9QN?!2rOM\Zv*F\'nQ&9}ڰ~ٽyjx8&ϛ̕iZj>h7J`Ɛ*CdU-Wle6~{*B\0SHPUΫrbm̩Xp!6ivl\Zm]Qis>f9].5ɽ@Utep?z[|O\0r9kɟ7M.ZLj}Z\r֑-EMcNcEJ)b7/rtNP9?qc7dJ=ᵤ\Zo`2kHTUIp.3v@K+2Ɍ\0RG@Vt7+׼̢wnS::7QZ!i{l/e*4n2L%)jwYr8wn\ZHs}zB@Ujp8\0)̒r$ة*l4Ԇۡ\0l8aLb)%YXn63\0<@T8i]*4ODd?/tpC5:7\r\\:\Zuie5#݅.9\'`5&K2ˋ8k|o[C=[5kUMoLY_a6ز0s -қe3\n[*jMlZ`|5ZQ#K	68Tkwd97s+ k\\쳤@N)LHbD.qzi?6\r:mHd\\ӑBkͶ	wr8j$]lێ%Vg1o7u>^ƌM}i:Ik\03\0Ck&I5<眍S	fίSQ!BE;ӇC[m,v*Gz@bFnq+}?߁\"CYb\\*vgsh;\'5^\nc Y76;3%=7:Wk>\0\0>\0#v\'l/\n}U56JPGk튁ϴ^-%2sV HU-6eH\'~{<D6+,Y\\Vݗr\ZKI}ߝ[ʲ^mKt-\\~yʿ|p(ry!3D;\\ɖĦnҜy)8&V|^iqc_/k+\\ΈX\r$(r8U\\|ջu4L+g!w@r{zewUL\"#7r7AGs6\Zf4M\n\nkg_B܍pnmd^cfE5- *\"t\"[?ݚAmDy\n)\".&%*eNF\'DQb~v;MQJG|zu_V^Er3%,ZP(QC?r\"˒j|$:0,wnE\"YZew<w}F\' $׽[r|5y.\\ݮKJ\'xnk\Zk߿]U-r_1kmqUȥm%uotG4\rnA\\\n<:g33fYn|,\r`kȍ;y77qZv=zyymsɭp\rn[P+Pq)˷̊=2gyk6\rfT8 XsǕ)5PɶO]bգ[GСCp+Wkl#h}>356ꢫ-I:}A$c(U\0TwX_S1{|ʴm7kVT(x+Ci7\0+oyl\Z\0 K\\ˉ-1!}I6up~({VC)Rm[W+<KcFǑY28FB^Cԩ5u/*pN*\'UoaaiWSLRzs\ZGQ4Ja!9qccf_~EL\rj]lT֋[u^:\0[{Wu\'Tj;Q-[mW(&H\ZsQ:꥖K\ZH\ZuJL_\\qVιp=.1d=\\/6tJ{Q<(R\01§zUm3n~%aY\\%㰯}wd*q?Uޗ\rW?{jpna<>>eClmֈdaW,yT/=YB(48nJJ\n5vMFv\rRSRFRԡCA&ҝVIJD\0)eEhlt)JPނ\0<>Bj\0S@p\rho@RL&K_\Z	\Zײ\0Nε]~*BON\Z\0<\0\0\0\0\0\0!1\"A 2QqB#3a04C\0?ۅuuuu[qp%fWtZ6wEVU:.OT*7|@?*kD9,>xoY9n8BA\"ѐuEYODZBuIM7/\"tfW<7Z.WǢ{5.SR3Svc0R)RyZ5Gvd=Ø%٥Ndʻ-˔yتp̧+(*ĭzIC_!çpr\r갼Gij(\ZѲnF5_.W[ꋅ[X4e:#O˴K	sr\"ʒWNL6Guu4\r\0̰0ʝbCӬ\r] \\##1<!kb\ZW5+G;pl$NUY{-xYqlTΰN|@Qd*ZtEѨ(X=B9AU\\SSĜ{Ztґ:C`fnB+Up]8\0/[c]C-t^tjz?T1㻮khNpOQӹj:05VULϿ*h״k*Oag*^2S檫1@.JSMooc=7G)$z\0\0\0xۏg|*VE5Lhi4ܯEWO}PvBm`OkoTa	*^pQȥ!\'ckOeq6>`IT܍\'Jhi|^}WjgsINeuٜ^\ZLU;=bt0.V\'G!QF4XeNƇIc56AM,{&J;jDM.TTOmT\0A6Ɵ͠G~ȣk.K&F560:ꉍeSvP=Z{<uFWʶveO.\rJd)csEii4\'	Dz.ځ<\0nɍ6BZ6_A_TX2ITc*]8\'f:׼gQ\";)>eʉtR> [=drggAEXc:z]pTXu77v7Rl19{dk\01NYTw4c1X\")$:ߎxÆ[Un\r86ak]g8VII6/Q>76lY`?XʟU|\0cLߢ6Yvՙe_QW\0\rY+pfNlTWN*oĀ?4شt1Ɏ#+&;?onY!\\.`fPکl6݊_l]V!Px+p/n4ZM|	ԘS_Dm\n6졐a*SKG)N1pY\'0=ֺq`	#fjLhhŤz}?Akw!!GL|>\0a3a<l3\rB׍YtHo|]7Y\0oNZ<RbGɢ|7W<ۦYD]tS88,4E89J>Z57d,,mU5?-\nB&BuNꃅN7r\'BLW(91kyn+J|!R;Mw7];m\nF螪dp:[+,h^*(ߚR߿EH)<޾dtS|- =Խeo`ߎr S6(;ѷND-\0Vj4T@\ngɮʟ@B.ANK<ؕ	;\"tD r8u]`ê.x93`OU;f譮de;ͬUCNDGԭC]\0\rͭx`\07\0\0\0\0\0\0!1 \"AQ2Bq#03a$C\0?[|\0.[rXʕ*Dwlk^\\@o7|cbi=Ncߙ<\'iz+DCw+r<n)s(#q&)ka{Ah<\nԢ֑J\\8;\'Õ[W]U}9E\rҟ>S5COy}Thg_迫BA;6	yaCV@P\nYX(\r@m_+ߒ%Zs?jD1(\\p\'hJ/e{!1)9y\\/9߆&M\n+&\rR宨-b	HҙԀߓm}S\0G@2;E\'D+;,i5DLnoX;N`یA>IB:u	Tc=NcFy\'14-bC.XeWH(w#s*Gא4R1\\^Po]gɎO:HN3\'kZ}TU9ə\06$؞68	Tc)ݪR\nLɏ>B`m?u嶞E7G(Hڤp-0Bvs>ĤikmI2&iw\0ՑvV~K!خuG_Fu貸˦n_!*wYrG-5~;V9&8GgQ(re@\\5\"^\"wZ|D\nlV:\'NF585kKH裉a{]䝌	еXk4Rh6y`~ܷ1 (|l;ҔtkrA6`S+`,pݦ9K!WǉLtyEUhZ%fGMA|CXOvS49Jf4o<~\0)qYwa=h*JoBehhPXt$y\'ݕyUs%Z)ѲfIro>$\0Lt2\\΁{R{w*Wךɠj)g~q26XIX%4et{^WJGKmoT2#7,/buB\Zܦ>k;}xԐaŴO⍄ie)\'b]#v5ĸ.y_]EӑkERELlQaoŇdiQqe`M<9g\"~txt;ZwǌT8dAWEG\Zd°\"+[\nx\0Tu8<wRGoMʓvFO|N~({- fI_E#}*?v76{/arnt惹FkiAGܮcgn\0tX\ne~K٬#VߡmM>@~K ⿦\0\0t~!٭\'LAT]\'*3.QC~1({59<|IըJ})Lb\Z8;L%=cRࢍ4а;5iźW/\rҵ;L\r&Xo$iJ[}V)0eFZ`;e\'n3nsOٸp>&OPNa_\\\0f.<&Cd[-(AU*Ai%JʏzlosnCqXF> 錩qb|N \0Wh;,0Zs8}]tJ}:Zz3]l!eclV\0ƍ\nOS!1)̶輗Ro䨪夭ijX{(+RmTU4왦Y\rΥ%UlAK+E+2GhpZ#nԛ|QneW{Z-M\rac3d)F-7hy%괹i\r\ni>\0F\0\0\0\0\0!1A\"2BQaq#@Rbr 3C$SP04\0\0?\0{s3j_~<Nn;SBPI)5{-(qZ|\\5kڇ;1o|22yWǚe*c=ò)y50\r3HpHEϻ}bnkqJjHik^T<OmC>P7t/v/V9j妖=X:B\Zc6H49~*GTpa䤭k$3Ɏ /dl3_st@]l	\'p=_d)A9T>5ܳ*IY3$i 	cq>\rw*Cy\'rع\\61o+ y3e^0w8\rKl[Ą;V\'@FEM4L:yX*\"=(jed=gv@+ST_QQ+J[C,\Zv\\/q5r3x\re,\Z#6bQ\Zf/?Y2:;\0A>7X-_L54K@h0#\ret\roI8g$ݬjamz\'ɑ=#f-oiR<\\-\ryCk^6sy#m!Q0sY\\GgsOFѼXmmQO}3If]diןoߜvyN(1/)&73dp\\w( EtPӊo}tF;Ӂcf:F4s]vU_$u82{I4у\n6Z`jl|_Sb\Z;Wp?ev#q۲f*tͻsr_)\00/d6_+|mȣé`N/gN:]7]\\ u7ܝl#tm	(SNݏ)\\eݤ#ͧGT#fn u䫢YpQX^\0PBel׺\nZkumׂv\0IӹL%/2ɧdNP͘sKo4\nsfOq+ݰT{-[\0\rPF1LGfo쯦C\0Es_osx@u۩WA:~TCo{(dmZG=CoY@9X~]7ceir䝶Nh-F\0Svy+~Tva+\r s?&\'INdeT6AT\r`5D\rnsrt/1yM<\nMrlJjfh/k\n\nׇX$sb`$Â^zՒpBH_eCIblxqcA0(ɰC8Yrm6VQJǕ7Gf%9TѾ淰\'=G	*iirwԁ%a5\nu=-Y̼i;Sj0\0rZo8o\"\\xsӝ\0߬N%b2Q\'Olp={fkÿ{W؅av:)\Z낟ps8,\0<Tm8k3{(k(K6f3w:{dez;]a\r\Z]N 7MulrL.@#PUaP=}Lum+oX^\\O[S`HבӉe5TQQR\0k7hU4<eӘQcm49\rVe&s_N}U7Eb\\hs>vѿ+5U3ls\r+ce[{f{\"ipp\nKi꩟+-৑i]/$̻/R_3ϐs~j\0S)MQ\0[]KB#5D/eaYNuejn|gc$lT\"mY]%\\W/7.\02<nX\0*<7}A-<T2Z̖Kkٍp\0IXag;,ݜW<e&_]nUY*[|دmSv:qWے4Y5=聘NÃߊĪ9)A3\"i-K,X;ӑk8>\"v).0InuP_Usx)!.2LXto8#n/ORV|OvY\\Ȁz#[p̮ӠQI#!\r$+\Z:,BU}U,7C,;.\Z6sF\\JX:\\ۡb{Kɲ(Xj{Y]	l^\'e\\د]\\7ߤ\nf6(VGv+\0*Y\ZlH<;?OV1&Q#};$E2&7+E8)9G9,.A/!ށQITE)<d4юfh腔9=M@<v+n)ڎY{%ψ*3\ZX|>9\Z;\'sA>aJتKb5s%ǨB0(i`A1g믂l*r\\Ht#dC;4s\rwmɦ&҆;x9ǖLBOv`zmG/M4$,/uvW\'N[[+I*,6}z.VNO)7oK匓fk1Iw@ZG}|D6Δ*IR\Z5;9[pT9v=sآ^m,\r\rT}$b:zhlo\0>ZxU)c-bzWEQW\nŸ0Y}憗RQvehjh<7R8sN\04=K嗗򸕉b-L_u])sq|:ݾiT0f0΁kt(\rs\nR6RPleu)ݝScrp,123ԳTtڇXxf}5L79~ :M\ZtW~5L7eK=UNg_2~s]Mj׾=r|ls~\nI[ R+q6U5tl=tN^Eϴ0f=h|VK|O`t\0}x͎v\0\0:v_>cw5b8ǣ#G3۫t)Ķi	6\0wq+,kCKz-\r*#ynN1\'\'Y{;$ynֆ\\w]5kҍQm8>V\Zus8Q/<G4LtqŋAc!ooI\r!:kssfn$),ka2s7-a%r|dp{! :YKYX\n]r\0;1kZSo.	Zݩ[xD*:k0YIjjXe]\0\rOHTνɈs\0Y9)d}fmcFFi4^ZPob\'1`R8<۝:6nx+}{DpF9zyOV*TQD27敇SE<u8}n-[;|~ӈ)äu^,\rt,/UrNh\r;@,ٯ~BOe6.8pHV~5x%QH\0y)S27e~+ߪ=M\Z\\Jڇ:#q{XѻN37xt/ٵZ7轫|*t\"7\'ӈT\0.H<o%f;P4Y@궹KO,lN#V%2:Q!ڞ+Qref_SniAPgF+bg\"ҷ7cBĩOI|_=eL47Rdar~1[k`4\0i%q9i)VIq77V[\\(`UbP]\r]Ysm\0g0ٳRA%gauM\nZ.BZw~ɐ`mjlmMw`UddڊiyFJJ|	|a\0SۆRaj\Z9F\\O&Kx+7NqC/ژT6)Ãc!9TJ2ǝT%n[j[[:I憞&JS`Xq Y޳gE>Cea\\\"cydEc\Z4y^6[&q*NZX\0g}mU?CXFZCة)sn98z,=9u9:CI(ix-u6ɥD;snZsu4SS4:Ln\0fb9BUS\ZJ~Jr.݀\'ǁᱲ=rXnFtׇ[YםcE݊k-տn\\O-vW#Ҧ%66:\'pRӵ3b/a~pT5Ǒs\rF6<ΣXȘƞk:˚\Z<l4\\۬\\izV_>t@\0E4\\gI4պ\Z&f~\n<bOkV^U.ox1گN=refäWVedW[Sع?K\nA(+m>\02٪qpA_,whEh\0\'\0\0\0\0\0\0\0!1AQaq \0\0?!}\nO\n-Ln1a2\n\"=~K1$% o+Ol\\^#CսkhJ[RBaB_k?OR}&U\Z8x%A+\ZJͺ+&yrygd.oMD݇%0<NX~漥O$`⥒e`	Yf)fg\'/*\'ӿ1!׬\'^1_x>d+1o8X2_-;Cdu23 `9(ݹaIЮ|CaXR&	G>~J\0 K	\\Kt*\0x:aNeT#\"S[H\04-r>*xلƾ#cr= Q=W*k̑U][=_+IAd*x:172AKz)2ԎzGny/rw|)J숥fAb^NVR%\\-K55}LA;s.eПŨn0ķN%>JϼMQ!ØՃm%[>H!ԭR42%敳N\0iiYAcAuk~50Vz08!\\O]*61aeo#\',HaZ,W5{fAܯh3xt¼!Sq?+:\\5\"(4ܗY1uh{o/T\Z.SQ|<\0Ț5\"%ceԖ-$XsbN`%ֆ++6s;&/(h\\4B%2&qV}L!MF\n8Qg82{%_f\"\0K[k/;?Rʚ:b\n.J\0pkO!VT_WCы[Nas`̾P%`F8Ibوվ\'[! N`M\nwwfodNHTm::s{Ҁ#fq\0T)@EA1btA@xT]vrĶduh\\a$%L> $QVk%9@Pj΋=`T!e\'Jg$)qce`pD400pguNf4XVTH]y \n\\֭^=?\02%v8|ayF<yqc>쏤vZy |2HE^/62\0f娝J{\"vU9\nº-@K8saVnhK4.\n6aJ;Sf,x\"WqLy)~\'1WjPy1%Z=f-2bCqlt)^2iS\0#SL_B9AܖqU/`{ТVDd|ebߠ+=7=DUiBR]6<rhĝ1jʆp@l[09]QBkU.$eʚк];^e\'+B^fWO*{*=A^Q&9tx\0q}e|J{;j\n>#WK\0J\\)VbbU\\U˺%T=\\R_ SHaycQC2\r}e,O9z*y#ް>sUd}ؗڠ̇$eZ(f]F/pu,~=>DC[2ⷨ:fB$*ԃ^Ұ3fu?L;_IԶW(zzIe0>WNad\070\n=\"۲,!쓵[|Gξ\'i]3tC,&3cԏq:?L:*^S%@zYe	W%ueN\r%\r\0=Z嶬MVJ?qP\0P&,`.# <Jԯ [.d^M8SIp+\Zn\\!X\"#H68\'$pE(}%e1jH.4o,ъR3{ǫtFyz>n N@\0Huӡ\\Tm3Ee>JfCj.G5BȾ03G:JLpP4`%R[%8op$qЉ#U_E/㑸\\OCw6xhNLvi;`[7OMD2-}1<ojOTk363d<+_^Ct(MlKHp.8h;I$ct~YAP醢KMKľ]J 4J2u^tj*xXĨ&*#Y:j+f7N%\\9\rufHXJwh9&ea״{uB x8z\r|NF}uWUqİH|JZ4匏PhQ`uRGgEٱyC(;^ܵ\r\0rBRdɲPyg#;[P	å@XmH\\OЯ0J\0@,b.;Û,cIG\'Cͯ悿34l++0x%!b:ÔTa:Oվ4\nQts:f#˶pQ,xI|O;&jK?_ҥzAO_;]k&ۃN-\\C4EMV\'܊͢.XxܡTܔDT/dY2+;\\,0~HVܓUgz!08G\nےυ<7L^z}g?\0f\\o04cE -0ho<6J{Jwl\04h\0ricIj\nJTj?VGi+/F,X@D]3mCu>ʌPA8xxb	?ffo03]掐\ne|1ٴEcWԡl-JS\0QģB{G@l:ǩ\'gbCZ[7َFyॐ=.\\P@`}A8ךjPPy#Fpq*Usuxb5U(0޳|NL[DϢKmT1xg#=cx&@}sjP]\ZԎ*av5ћO>C^0q:zJ\ZKmVkbY\0#7g&,`^4y6\'@P>zqwv7o3\rwEG\\ʁ9{v\rf\"6v;eWTԿP3/%s}-0Se-qF3^\n \07Mz XۼfR	]JrXꏬ9Cb`sOy\n}N` $JJgQ\'q\Z{B<dK!S,}6K-^wcpx>)gMzS~0UwS.b[ՙYFE{*촷h.c\nbt}g@F5vh\'\0GS`k^ef/a2^c`C0<yyPFaX./}<0o:R2:鹀:@4<CT0l2&79tb|7-Zfc`JOC0-Ӈn/6H\ZA- q~QƛGNƀny_./tE Qֈ;QzMi]]ek\\ebUh&O=נLt%`:]ie\n)ա!M1gnDlˇ^` 0B\0yf3f֠3T_vfڵjc]s<x5{e^JQXbWc=pړQ]ۻDԗ|]4*L.\Z;LKW_,Nc߈S[ȯtEp2\\	j$vq1vJ(7@yO9F<E2 :}|N>/mRI[\nv\r\05o\Zb1}fRI/hġY~@u.Zudu43z01{D:L]7+sxXq-8FCFSWrr<҂ڲU	 -.>f(s\0*Gp76;´ˋ^QcO$!o߹2;o(,#.ӿwJt|[,kSݍ/u1e!nNܫ@d\ZIX%(.\0a^̲cy3\\7-bdb gZ׸_,%}fv_k.	YUzFc*wʭwU:_k>۵Ӵ/誯n+9Z$`-XOH\ZV/L6jCc %Yh?h&Le q(u\r0=JPm\nw]2|w\\Tb](x\0/0@ps>7o\"Qzf9޸.m\\;^T[0ڑ.5e̦uG-TF`mjyF\\TX]d\'}nK9A\0ux#+5$Nÿ1s\0`3\0yݚh\nQUBZ,,7dz,Bb!B`ucՇ?Y!W::hpNu\"DK`t<&15`aafaU>u?\0\0\0\0\0\0SI-[ZT~s^D+N/=Z)NAGu$B8Iuxߜ\ZK:\r\'iR=\08qumAmZ4z*Q\0;KCGN[\0-ׄ5h6E*JꭜI{w\"nAY(Hƪ\"CgL9?Hrv.ӓq`Vrxx{E^a:=\0Ov@PS,U$Y\n\\߸]a\Z;1Z^-({p\\Tޘwdn靝Ls=Clz;L\0&\0\0\0\0\0\0\0\0!1AQaq\0?pƍ&v%c(`	f`E	ZoX٤*V`.	6h#Ԋ^,WԖTw?Bd(&.sME\\E$QuyAH\\ZjheH{ZX_W]{&3-UО:jV3h1f*9Qqu-XL2yV\ZYbqDgibw:ju|[-*KpVFb2a,wZӇQD[B\0-u+*3Iz6 U5-ËgsqWje\0_,yIOτz8ޒ)d\0үXIi1:2\'}Gu>ߤx7x*hN%Qlhf.#VA+W\0nٖ\rRk#˙BCLVվSllY,\r|chq,=X00Xߜ`U\01cJ$\ZxO=;\r/\'>2%H;04Kp!(\0U	\n7\'\r-:;U/eXߤ6Cл,EKqӈU\Z郎]`{lGli鿏B%gBV4k11:H7k5@uʬ\\9fc{ sN\0CLSMڡH24ʎݰu;yViatTk1͢љr*,쀹a}\0 F`SYF-u;ÍTF=uq뮏S*S#k,<LB2[Ue\"4SsX?cwߤ~kyReoŁ6PJ鎓%4APL\"0ư,Zv[6r3˟D*I@E9~((z4cU|6bѿ[Vtۿd(o\"lz#Q(Su_VzFq^fI6MH,_P\0<k;5v<\0P\nagHLK\\L|S#{ҲG\\޿e ;ǣi]yQһc%\0կIA*QםtN;ؕ YqhoWY9%h\0\0Z73*A1!C,eje,A4+0\'})-Y-Kx > 8q}O؂LnWΠӡ\0,}lmsOHi_8u1tkyWE݊hʊUDHф:ŉyH79cb/\0\nËNOXYC\'QoA^9pvw8!]a6Ӡ4RqOC.{n\0on;bT6\0DQ5k710\nXb*%E#)tpMh<뮶?\\̥C\0`J}=KӺ\rx|KY{F\rكf{(l7Z߬&ڻ4\\vY\\XA٤#Yk,%\"ҔŕU2.I%*t\Ze9xnxaWC\'H@@\n}XvM2º8cQmZu׏e+ϯ;\Zscne-y%tUV\"dNFYAŭv\r\0^b\rʺnaSvJƲI|Gd\nSm\0J\Zu\n駝(Zj>\0̯\\ ?{=V:t&(:45<_8σ)4Zu\Z`5j\ruuF1cͷL	Dz-q1Y5am%8ehјY,C=Sv=~큓:_\nC<:r}Ǘ{B\0)QP\0:H\0\0׽xj7\\f&ts4`uEoC?5[}=.\rѝ\"%xuHA\"\'RuZۥ\n_W/ZT6L.gw	ޱ-$G9G;:e1\'􋉚gt{b.zzHFxA&0l4,r.1R\0e~СW$PQ\'<O2̥Нe:|Gv/^B*\0%sL\n.PDsA6׽ X-؋׿Oș| z\0ChЛ.ՈȁLI\0/1OvG޳]2D(׷@x2{ҋߜV$@djkm`%c߃}D`⢌^F>?`̓mbw] wj[wa}=K{wXJAjyV*_.׾y,*Zԋ:%*1gDCb>E)#Kql\n~JI\0(\0\0\0\0\0\0\0\0!1AQaq 0\0?%Ww0q_Y#-,2&QKbGӒ5	x R1SIeBQXp\0h2ܫiZ3-p` `w4Yz˲,fJje@6?3<֠Z%u+KLYXԥJKH8EB$GVdRO\"v[Ye.ǝ9u<Ky\"Fj\\\Z֦s/\rNZ X\"W_(DG??DmH5B<hecHX% &s_SgUJT\"D({Dy&%HWP],RiuXtAPD[1R\"\rVj`^uTr{PBD.c&j^.fQ-bpb\\[VDU`]\'&mY*kXC;mM6wK>\Z\Z\Z\Z#C1Aļ)X1\\p?N\r>[MB|-B얃\n<NhmE±v`ǅ@%픹YG8\'\n\\ͣG(*ԦhmZ9XE#V]%,/nQ1vۏDa<6y⾂{4Olm^rm8,\0}R\0M:2<O?351v 	N,\"\"r7rekFO԰,q6n#طm9\ryˀKw8)\0pk\r+M9rrmqk@y*<)hVYZbyGQz~rՇw*/maoԠ	)]DK^\n\03\n3FE#h滺ATP-E\Za\0omaյ0\0>\'9W*1u\0E{#D`:Pn @)yD\Z>NE\0#y#2FŴ5X͇=1UFW8<XL+2\Z\0Lj_	LdѽKG}t{wqcz?fgCpYs}eq1<9|2 &X3d),\01wb%&O+^ϴat\r㏤EB5t9qz -yշ֥l~:ZEfG:K\r͏T+wF4J0K1\\1wu_#B8@JLޡfA)i}\']\\{GnO\'/ƙUo̴֥F\r$\".rDJ7*8H]G5->Os0ӳM:^>[dmzC&חI0Ú\Z+b{NfP`|ujVPjs*75mJ.,37B?Ny//l:_QX].-~y{Ex	\01\0\n*2,Jnc\\ZDC,%o}FE6l|\'AKP߁S\'6^0A~C_O\\p%yVc(bNI`S^V`w-}p!-Kd^AC2tla}8VbygFf({\0KJC}%u?5%Gw7 Ĉm~<K-NI{+	GӺݸ\"_)X^(NέĺeIDh<@C^Y\'\Z\',bṚ\0B\0n\\IL>%Ñ/_+0}Y*=}%;+p%#y Ki\\He2(,\0j\0\0Ӌ8r:LxN`~by\ZN͉ħPP\Z(R\r`ç+*r~e0w1yE=2,r#qوc\0\0%\0\0\0\0\0\0\0!1AQaq\0\0?SGP%,Xy݇^yeϼWa5_t\'.15v	NsP&\\l66eo\0ҥjܮ\rt;u-XQvm:gA)Mio\rJ~M\n	!U,u8\'>NvOCw5Hu/?LExj<`()u0\'W,wN\0\0yɲC]Vu({b;=Г{qT\03X选~~xT;FmQSfr]9#;	\00]VNq&lhg-?!;GOWQs\\jqμD4<o\"<5i78_/ɦeShØv:\0.0Zx*RɢlM~hy;}i*]oDkuPR>WqpN#/Smwcr_ʌ#{2eK\0#$E>mhGBtWfMfa{HPSO}\'\0o	%C+P \'̸Op UM~:Ə3k4d`e4!vs(s_RslV	46_:8ӠS:[gHxq4޸5eUQM.(`q<#*N?s~!<4zphO\"cB/#3]K\'\0B4y4\0h4Y(R_#6&\"U~0Rx?cY~0>/>ກ2R<79k\"XHo;jin!=ZR?̛g8h:-\n߮#b]kRl)XDYadCjǟHbRX}q7O	̗]HG`gF@0&,ZO/9cӔD:vr0b0-E^9PZ:\Zd%.w9%y.ɸzh$_L4@\'V\\owϜAP^?c~ǱH8#\0U軝\0ۅDvp8`3 \0\Z	7|}p/1Gn\njUIUGq\Z\0awp\"Q 8Y{ξ1}X C||\nCyc!jR\\`@d<+Bl޲=_Z6\07ƱND_ C[|`1AֹRcЈlL#b4)ق\Z~ͼb;a[K]`|*8{/Y@LfucAX{[:>04xogL\n*Wg@Ar<?+nHG F{J WkWEFUFgmVЍ9\0Y\"݁dJ].IΜi]hbCk_9CJA\0\reu~ׄg[E~?`:)͢T;K-T~2I&pq$>Ka#Y|-3Fǣ :gyx9*߃<;:~º\r?aԽ\0GY-&=4|=,\n*(jL6<lˬ\\Z0Ru6\r;n^{¦}\'>|_\rQOHzϻX\0D=h,䀾nV)%Cj*&)4-P4XO3\ZIt_	pTs8P	_4cMO1{CԺ\\`6K^\r~̴kzRɲ?|~<_l};෧C7\Zط&]);\0	o\"|\'_jGGۈ\'e-\rf/\"wtCM`Fv7PZ\\HMk8$¶JEbr}^5ߗ	Rb\nQ[߬kߙ\0J)2rj]~:nŗ	a}rX68!vʧ˞?IRb#BN$Hqh;Z\01vY\n3W\0ji`+(Ǚg7 m OIx&p\0xn+ /o㿌V2u޲$MTftS-rg\0ד<ȇMމxLЯq9ہhkpCzy6$YߜuU_\'ơ6ѥ6_-,=E\r^\'2z\n0pu\rEO蹷Iu\0<a;.oXk\"[`\Zͧk]?Ԕм[;}z\n)\r>-6V)Nbg2F(H2匂ypl~\'m5x@j\0 ^,^Y6T|<(4<&〼-k$uW(P\'%9\'qvcNl2zSW6&»PZKkw׮r$a\'mWag5)L7Y4ޜ6W*I^u#Ccse&b9yzqN$WQ<gA6<5\n YLO+n}3h|g\n:\rAq@N+#{`\nIŽH^7-.-x@[/}?{*/\0#\Z#w:Ĕ)ưR U&$pD>t@4תc\\e5JzLD;%d1\Zn\rQNO?Hqlx0ac\'\0R>/&TZJ鑤ۏ߲_\r0Cmf!l_/85Q8@:D7K\0ځC\n\'HF`/:mnCu-%Tn~󔀣N浂`/)sG\05A`)].ba8|ۗ-\0Vߋ5TU߬`M16o?Y- XH;B>P:6zw#RuoƚܛyRb÷gߌ@ bv^)?LZ&@֯ bAflxʞa$3\n\rxMځ!l	N50߻\rBn<aNpIY\0KS&ݼ9U$<}r1U*\0p 96zB`\nEu\ZcWGJc<y-PkʺҞW#<	S>߿\\\rj3kLVv[gZjoX\r*):\0:֎y\ZÑkV0&-5?Lh\ZϬ2C܌ʮ,V.B@%,ud D,/\r|g eR^9ӋZgIEֱp^n5N5yD9Zօbԉx`><kr\0`_7/sgY֓LKcF\'Ŧu*	SljV<yV )y[]Eǳi))5\r>*Sq\r]tԺ\0r V~Kw9\0zL\n\r:^CXQ\rE3^F7^vOVQFBuzG\0M\rK͟\0&(~q,e2X\0xg[\00@͊e7{~^\\kӃz\0̬JKÐF+d(Z o;{͓Hf\\\'[8C?{a<9	43yx~JMWLJp&8\r\0Mbi.fz0%c@fXf:\"há/&7l㷣~^q\"\rIA{]D8lj</cEN;\Z8)tk%k7׬\r/Y\"^:ɭނw1zb2fSOo9^x+_=ι]>_ 0Co8s??8Wu\r\"s;r\0Ht\n4(㌻RHqx<j>r>	ௐ$1\n`Bڂ7\'Ej	=d*Rc9ɓ@O0+J֖-R4&9[ -3_7$#ʋmH5\0e&\Z>1Ǐ*4E^0UKrӖƙwx}X:B`Өm<Ѱn3A7}6s&)vafgw>vgTB9eM_Y-K&0^ƛ+Ǉ8\0#ƮNMݒMޙ-<W,HMgn0ҥ|O\0&t4q.43ypo#k\"K(/g4D\r2{EWZ(EѮBK\"قª b=䢪R zmM=:kގ5ok/\'<U2+ww	gwb[)ΦOsG7hwpD;?~0,G&>1Lz|?x8o\0K:\0;1lbI\0xF;O>o\\bSt3-W:\'¸]D|Lw󹠰%9/Bo2Q	A+uo҂J jZ^1!:waaiwbVLcTcZ옅_puC\\uc^NRq=TR#|	hGOUG6:HkRgy{e Z`׼ \n<kpz\0Ǭv:Kzhӧẍ́Z9\\%6\nmKT&\0>=b*9,c5`h\r\nX<V4t˳\0E娇_?4IOL8KkÙr$t\0;9(#/%i\0][Fu4Wyv\\qY\n3ܮW6_\\5:g\\dd|R1 oVLQpY&H=̰w\'\'\0r;f140^BvnV$dLa.\"+M{\0?95a~k`xÚ\0]E?kCHq}el%ߏS8;atqc<l$eNhg\0\\!c\r7-PR<Df#˛/)$Fkw\nX83wo<TM;6txʦ@PM41U83㳳Bb<0=\Z.W!w%Woxx0uD\nN^D\rjS0fg}q\r6<ŀuSޞ9TG<|wosU4951+;8+w@|\rgnp5\Zdk?g3j!8ٖAҟfy\"S?܃rJ^OkyJ.uŖt_ٛ5w#6WqM=Z~O	S	ަ%9o97xh݌\Z|Ӧް?\Zx7zUSn\0\'O‼\'N*?\Z}\0϶: Nͺ.PP#jCZ<Ron;a%Ӯr9F5*._գ.\\\Z<\r7(WF61!(gjsznl#I\0UJ3ލg0H\nX8#f\\r[wq&\ZnN;\nGe<ySB%-,YU+ol_L+\'vEcCTcoQ\'Ir!L(\r}+aF5^GYh# ?hZܯ6	;Tx\0ܲ35B)hF\r(6Z{G+|	&_\0+: ]]\\bUO%6pQ܂Od~3L\n>P)o־qP+P[/,͍^p~Iv\'\"@\Z|iH8oF=vzi|׍z\Z[_Ysu<EH6.k4trʓQ+~A*VU\0\\2^N s%I]ftU\0eToлQF*mPԪ-a6[VH !Paδs+7M\r>uF}.Bk{KֲЕI[gϟ\nٱtBM9qI	ۓ8MJn<2Xlhf>r u5\0q\'1+0#e^}qɷ˅g		A\\:ztcCBOGh\0>$?1\nYu)N\"\'Ո\Z5uxȄx`Rs\0FRJ+epUx~Lpc]R\rt4F57´m~su9+-p8g*kMԘmQDAa A^ifZB@S}cM(,GmD뜥tٍFM?L.Yuåryj񎫠\'dU@{{|bQ^FBr~<|ğ4\'.t{D0XH#LAY6q[͜`QcgǟڻX!\n7ɜne[TD	U(\\@uYU@,5w1k	ViLܮ~{zjSÏ(\\ddÑǜ@Dm9\"k9@BPmMaUOS4k6>]\rWО1BoXY9[|aK7ϼC\0l:c[\rw9޽|\0¼z\0^R\'!8Kd\nJ!hj]*#W㐃h!9.Z%<a5ȆPYoIPh\0q]Dl2Ck*Z݆A52Z dsu7TZ2bh8c0[t4b@{w,4ͯ&b3@0qN/q^+qX2&\',@#>3{\r=e/c¥#k&Lqy׼8hrF@:(CDB_߱OlJ\rv\r%D>)7	k(DnY[lphj=wT|`[OөUiW|z\"ȯx}5ļu9{xF2AN>\n6NOA₹a>C_%<PKSTTY$9qԽrkZÕSŎ\nw.\ZEL+_n\0Lj;L֐CX@(P5|~>P@|Vn;\01[WX#t~f\nM?i\r|\"A̠=8ric-pYobP!SLA--ip^m;Q!zn#FppeeDﴝA\"nx\n{XٸzP0\rEeϩr.?Zlݎ)WN`\Zn^{<@<\n&#6N8\0Ӣ\0*_e14095mSUpk|r/qd\0/^o`\\ %XX=34APX^r[1\rϣV|I\0p-l4N7Vq\r٪@Çyi,aqْ./;k	rwPl[ݑ3DI\0	}\n%s6hm@=߇-+v|6\0nF1jo52 #9Aʱ~1euS9*T^}Cyu`E_ˇt1x*\0\0x	pΎOɍ(k8va<XO\\`~vp#E2qyO|91M=duR@$}0tQ0mM;)±Tg l\0!3aEVqp{X^\Zڭ´@UjԀ=ĘiQԿ5Z=8$\nY0nnYf1T\"#9\nm_R\0	B	Y9OY1\"p\'&Qbls A\'J2fYj0/+kN7Fp\\\n#h/oy\'8\0:N\nTkXBKATK3Q\n\Z\"5t᱀$Azre5_߻+[h%(b\"\n;KAʏSE]%֔=7b\0wuP{Q=\"zſU4=!t< rrP[G8\r\0|I\0%fs\r/ưCX12R*(wDƈӅA\Zi\nZ|\0QR3uɼB7@RDB\rvXrD^6 C \nxӼ+X}u[h+|-lټiD\r`5)ZbU6H! 0~~S\0H?@xD b}{Ġ\\?D\'P{Lզi sVoR~,Y&=.-`Zȧ$qY:q#\'@&Q)O(JCa^\09ɽHk\n\Z\'CKFϲ<hG1T/T䪭9a+h<WO[=xy/V7^湠⼺fop: th+ZAi>2td=\Z=kLVw֢VK\"o85`tI\"7o<{\'Dq\0(r؁lݰ>)u[\rc?tK^\\Aq^z%Jp$oYK7b-yϮkjmJNp_sAjRbEmFxu5ϟ	Y6Ru!x 41vn{WF.ˮ27\r{ku^^qkn=\0y!k6z`Z5\\l̯Gz߮\0VԱٷ{a`F\\؟H$TY|Wfހu&P@!\0;Du_I)N;s\0ؐ\0-|\0^,>	F1+{(q2@ \02j<igcwY!OK5oa\"	ΎX^ٸ0LC?9(ً0F^V)FӮk\'ANb+SQǿ8.mOT\nۃ _lH;k\0Cy)4g\';\0nY/Jv>XVۯ\0_6ӧq\Z.>҅^zd\r?\ryJAo_Uw^V7N49˼`q>#	_,H#j4֮z3}!+2&=f\0 	S{1>P|s<>0-cyv7!@y,P<k\"KdCl*Z8h<\0 k&i\"twT~pQj\Z8,\"*HWHLHo-\"gx,BlYLlH`+fK=HGg:p 8','2015-05-26 09:45:12','cbisig@hsr.ch','Christian','http://ch.linkedin.com/in/cbisig','Bisig','2015-05-26 09:45:12','HSR','stay',1),(2,NULL,'2015-05-26 09:45:12','admin@hsr.ch','Hans','http://www.hsr.ch','Admin','2015-05-26 09:45:12','HSR','stay',1),(3,NULL,'2015-05-26 09:45:12','editor@hsr.ch','Hugo','http://www.hsr.ch','Editor','2015-05-26 09:45:12','HSR','stay',2),(4,NULL,'2015-05-26 09:45:12','applier@hsr.ch','Rudolf','http://www.hsr.ch','Applier','2015-05-26 09:45:12','HSR','stay',3),(5,NULL,NULL,'ozimmerm@hsr.ch','O.','http://www.ifs.hsr.ch/Olaf-Zimmermann.11623.0.html?&L=4','ZIO',NULL,'HSR FHO, Institute for Software','arbrowser',1),(6,NULL,NULL,'test@test.org','TEst','www.google.ch','test',NULL,'test','arbrowser',2),(7,NULL,NULL,'tbd@t.b.c','OLAF','TBC','Zimm',NULL,'tbd','home',2),(13,NULL,NULL,'bizolz@bluewin.ch','Architecural','http://soadecisions.org/soad.htm','Refactorer',NULL,'HSR','home',1),(14,NULL,NULL,'john.doe@.w3.org','John','http://www.w3.org/','Doe',NULL,'W3C','home',1),(15,NULL,NULL,'ozimmer@web.de','O','http://web.de/','Z',NULL,'H','home',1),(16,NULL,NULL,'carmelo.schumacher@hsr.ch','Carmelo','http://simulation.hsr.ch/de/team/carmelo-schumacher','Schumacher',NULL,'HSR IFS','stay',1),(22,NULL,'2016-01-28 22:00:58','asdf@asdf.org','asdf',NULL,'asdf','2016-01-28 22:00:58',NULL,'stay',3),(32,NULL,'2016-01-29 09:17:01','info@soadecisions.org','Archie','tbd','Techt','2016-01-29 09:17:01','POWS','stay',3);
/*!40000 ALTER TABLE `user` ENABLE KEYS */;
UNLOCK TABLES;
/*!40103 SET TIME_ZONE=@OLD_TIME_ZONE */;

/*!40101 SET SQL_MODE=@OLD_SQL_MODE */;
/*!40014 SET FOREIGN_KEY_CHECKS=@OLD_FOREIGN_KEY_CHECKS */;
/*!40014 SET UNIQUE_CHECKS=@OLD_UNIQUE_CHECKS */;
/*!40101 SET CHARACTER_SET_CLIENT=@OLD_CHARACTER_SET_CLIENT */;
/*!40101 SET CHARACTER_SET_RESULTS=@OLD_CHARACTER_SET_RESULTS */;
/*!40101 SET COLLATION_CONNECTION=@OLD_COLLATION_CONNECTION */;
/*!40111 SET SQL_NOTES=@OLD_SQL_NOTES */;

-- Dump completed on 2016-02-03 10:55:58
